GEOID,CountyFIPS,BoroCode,BoroName,BoroCT2020,CT2020,CTLabel,CCD2023
36005001901,005,2,Bronx,2001901,001901,19.01,08
36005001902,005,2,Bronx,2001902,001902,19.02,08
36005001903,005,2,Bronx,2001903,001903,19.03,08
36005002300,005,2,Bronx,2002300,002300,23,08
36005002500,005,2,Bronx,2002500,002500,25,08
36005002701,005,2,Bronx,2002701,002701,27.01,08
36005002702,005,2,Bronx,2002702,002702,27.02,08
36005003100,005,2,Bronx,2003100,003100,31,08
36005003300,005,2,Bronx,2003300,003300,33,08
36005003500,005,2,Bronx,2003500,003500,35,08
36005003700,005,2,Bronx,2003700,003700,37,08
36005003900,005,2,Bronx,2003900,003900,39,08
36005004100,005,2,Bronx,2004100,004100,41,08
36005004300,005,2,Bronx,2004300,004300,43,08
36005005100,005,2,Bronx,2005100,005100,51,08
36005006500,005,2,Bronx,2006500,006500,65,17
36005006700,005,2,Bronx,2006700,006700,67,17
36005006900,005,2,Bronx,2006900,006900,69,17
36005007100,005,2,Bronx,2007100,007100,71,17
36005007300,005,2,Bronx,2007300,007300,73,08
36005007500,005,2,Bronx,2007500,007500,75,17
36005007700,005,2,Bronx,2007700,007700,77,17
36005007900,005,2,Bronx,2007900,007900,79,08
36005008900,005,2,Bronx,2008900,008900,89,17
36005009301,005,2,Bronx,2009301,009301,93.01,17
36005009302,005,2,Bronx,2009302,009302,93.02,17
36005011502,005,2,Bronx,2011502,011502,115.02,17
36005011701,005,2,Bronx,2011701,011701,117.01,17
36005011702,005,2,Bronx,2011702,011702,117.02,17
36005008300,005,2,Bronx,2008300,008300,83,17
36005008500,005,2,Bronx,2008500,008500,85,17
36005008700,005,2,Bronx,2008700,008700,87,17
36005011900,005,2,Bronx,2011900,011900,119,17
36005012102,005,2,Bronx,2012102,012102,121.02,17
36005012701,005,2,Bronx,2012701,012701,127.01,17
36005012901,005,2,Bronx,2012901,012901,129.01,17
36005013100,005,2,Bronx,2013100,013100,131,17
36005015900,005,2,Bronx,2015900,015900,159,17
36005001904,005,2,Bronx,2001904,001904,19.04,17
36005013300,005,2,Bronx,2013300,013300,133,17
36005013500,005,2,Bronx,2013500,013500,135,17
36005014100,005,2,Bronx,2014100,014100,141,17
36005014900,005,2,Bronx,2014900,014900,149,17
36005015100,005,2,Bronx,2015100,015100,151,17
36005018501,005,2,Bronx,2018501,018501,185.01,16
36005018502,005,2,Bronx,2018502,018502,185.02,17
36005014500,005,2,Bronx,2014500,014500,145,16
36005014701,005,2,Bronx,2014701,014701,147.01,16
36005014702,005,2,Bronx,2014702,014702,147.02,16
36005016500,005,2,Bronx,2016500,016500,165,15
36005016700,005,2,Bronx,2016700,016700,167,15
36005016900,005,2,Bronx,2016900,016900,169,16
36005012101,005,2,Bronx,2012101,012101,121.01,17
36005012300,005,2,Bronx,2012300,012300,123,17
36005012500,005,2,Bronx,2012500,012500,125,17
36005015300,005,2,Bronx,2015300,015300,153,17
36005015500,005,2,Bronx,2015500,015500,155,15
36005015700,005,2,Bronx,2015700,015700,157,17
36005016100,005,2,Bronx,2016100,016100,161,17
36005016300,005,2,Bronx,2016300,016300,163,15
36005005902,005,2,Bronx,2005902,005902,59.02,16
36005006100,005,2,Bronx,2006100,006100,61,16
36005006301,005,2,Bronx,2006301,006301,63.01,16
36005014300,005,2,Bronx,2014300,014300,143,16
36005017300,005,2,Bronx,2017300,017300,173,16
36005017500,005,2,Bronx,2017500,017500,175,16
36005017701,005,2,Bronx,2017701,017701,177.01,16
36005017901,005,2,Bronx,2017901,017901,179.01,16
36005018101,005,2,Bronx,2018101,018101,181.01,16
36005018102,005,2,Bronx,2018102,018102,181.02,16
36005018301,005,2,Bronx,2018301,018301,183.01,16
36005018302,005,2,Bronx,2018302,018302,183.02,16
36005019500,005,2,Bronx,2019500,019500,195,16
36005019700,005,2,Bronx,2019700,019700,197,16
36005018900,005,2,Bronx,2018900,018900,189,16
36005019300,005,2,Bronx,2019300,019300,193,16
36005019900,005,2,Bronx,2019900,019900,199,16
36005020100,005,2,Bronx,2020100,020100,201,16
36005021100,005,2,Bronx,2021100,021100,211,16
36005017702,005,2,Bronx,2017702,017702,177.02,16
36005017902,005,2,Bronx,2017902,017902,179.02,16
36005020900,005,2,Bronx,2020900,020900,209,16
36005021302,005,2,Bronx,2021302,021302,213.02,16
36005021900,005,2,Bronx,2021900,021900,219,16
36005022101,005,2,Bronx,2022101,022101,221.01,16
36005022102,005,2,Bronx,2022102,022102,221.02,16
36005022300,005,2,Bronx,2022300,022300,223,16
36005022500,005,2,Bronx,2022500,022500,225,16
36005022702,005,2,Bronx,2022702,022702,227.02,16
36005022703,005,2,Bronx,2022703,022703,227.03,15
36005022902,005,2,Bronx,2022902,022902,229.02,15
36005006302,005,2,Bronx,2006302,006302,63.02,16
36005017100,005,2,Bronx,2017100,017100,171,16
36005005300,005,2,Bronx,2005300,005300,53,16
36005020501,005,2,Bronx,2020501,020501,205.01,14
36005020502,005,2,Bronx,2020502,020502,205.02,14
36005021301,005,2,Bronx,2021301,021301,213.01,14
36005021501,005,2,Bronx,2021501,021501,215.01,14
36005021502,005,2,Bronx,2021502,021502,215.02,14
36005021700,005,2,Bronx,2021700,021700,217,14
36005024300,005,2,Bronx,2024300,024300,243,14
36005024501,005,2,Bronx,2024501,024501,245.01,14
36005024502,005,2,Bronx,2024502,024502,245.02,14
36005024700,005,2,Bronx,2024700,024700,247,16
36005024900,005,2,Bronx,2024900,024900,249,14
36005025100,005,2,Bronx,2025100,025100,251,14
36005022701,005,2,Bronx,2022701,022701,227.01,14
36005022901,005,2,Bronx,2022901,022901,229.01,14
36005023100,005,2,Bronx,2023100,023100,231,15
36005023301,005,2,Bronx,2023301,023301,233.01,14
36005023302,005,2,Bronx,2023302,023302,233.02,15
36005023501,005,2,Bronx,2023501,023501,235.01,14
36005023502,005,2,Bronx,2023502,023502,235.02,15
36005024100,005,2,Bronx,2024100,024100,241,14
36005037900,005,2,Bronx,2037900,037900,379,15
36005038100,005,2,Bronx,2038100,038100,381,15
36005023702,005,2,Bronx,2023702,023702,237.02,15
36005023703,005,2,Bronx,2023703,023703,237.03,14
36005023704,005,2,Bronx,2023704,023704,237.04,14
36005023900,005,2,Bronx,2023900,023900,239,14
36005038301,005,2,Bronx,2038301,038301,383.01,15
36005038303,005,2,Bronx,2038303,038303,383.03,15
36005039902,005,2,Bronx,2039902,039902,399.02,15
36005006000,005,2,Bronx,2006000,006000,60,15
36005022000,005,2,Bronx,2022000,022000,220,15
36005035900,005,2,Bronx,2035900,035900,359,15
36005036100,005,2,Bronx,2036100,036100,361,15
36005036300,005,2,Bronx,2036300,036300,363,15
36005036501,005,2,Bronx,2036501,036501,365.01,15
36005036502,005,2,Bronx,2036502,036502,365.02,15
36005036700,005,2,Bronx,2036700,036700,367,15
36005036901,005,2,Bronx,2036901,036901,369.01,15
36005036902,005,2,Bronx,2036902,036902,369.02,15
36005037100,005,2,Bronx,2037100,037100,371,15
36005037300,005,2,Bronx,2037300,037300,373,15
36005037504,005,2,Bronx,2037504,037504,375.04,15
36005039500,005,2,Bronx,2039500,039500,395,15
36005038304,005,2,Bronx,2038304,038304,383.04,15
36005038500,005,2,Bronx,2038500,038500,385,15
36005038700,005,2,Bronx,2038700,038700,387,15
36005038900,005,2,Bronx,2038900,038900,389,15
36005039100,005,2,Bronx,2039100,039100,391,15
36005039300,005,2,Bronx,2039300,039300,393,15
36005039700,005,2,Bronx,2039700,039700,397,15
36005025300,005,2,Bronx,2025300,025300,253,14
36005025500,005,2,Bronx,2025500,025500,255,14
36005025700,005,2,Bronx,2025700,025700,257,14
36005026100,005,2,Bronx,2026100,026100,261,14
36005026300,005,2,Bronx,2026300,026300,263,14
36005026500,005,2,Bronx,2026500,026500,265,14
36005026900,005,2,Bronx,2026900,026900,269,14
36005039901,005,2,Bronx,2039901,039901,399.01,15
36005040100,005,2,Bronx,2040100,040100,401,14
36005040302,005,2,Bronx,2040302,040302,403.02,15
36005040303,005,2,Bronx,2040303,040303,403.03,14
36005040304,005,2,Bronx,2040304,040304,403.04,14
36005040501,005,2,Bronx,2040501,040501,405.01,15
36005040502,005,2,Bronx,2040502,040502,405.02,15
36005040701,005,2,Bronx,2040701,040701,407.01,14
36005040702,005,2,Bronx,2040702,040702,407.02,15
36005040900,005,2,Bronx,2040900,040900,409,11
36005041100,005,2,Bronx,2041100,041100,411,11
36005041300,005,2,Bronx,2041300,041300,413,11
36005041500,005,2,Bronx,2041500,041500,415,11
36005041900,005,2,Bronx,2041900,041900,419,11
36005042100,005,2,Bronx,2042100,042100,421,11
36005042300,005,2,Bronx,2042300,042300,423,11
36005042500,005,2,Bronx,2042500,042500,425,11
36005042901,005,2,Bronx,2042901,042901,429.01,11
36005042902,005,2,Bronx,2042902,042902,429.02,11
36005043101,005,2,Bronx,2043101,043101,431.01,11
36005043102,005,2,Bronx,2043102,043102,431.02,11
36005026701,005,2,Bronx,2026701,026701,267.01,14
36005026702,005,2,Bronx,2026702,026702,267.02,14
36005027300,005,2,Bronx,2027300,027300,273,14
36005027700,005,2,Bronx,2027700,027700,277,14
36005027900,005,2,Bronx,2027900,027900,279,11
36005028100,005,2,Bronx,2028100,028100,281,11
36005028300,005,2,Bronx,2028300,028300,283,11
36005028500,005,2,Bronx,2028500,028500,285,11
36005028700,005,2,Bronx,2028700,028700,287,11
36005028900,005,2,Bronx,2028900,028900,289,11
36005029301,005,2,Bronx,2029301,029301,293.01,11
36005029302,005,2,Bronx,2029302,029302,293.02,11
36005029500,005,2,Bronx,2029500,029500,295,11
36005029700,005,2,Bronx,2029700,029700,297,11
36005030100,005,2,Bronx,2030100,030100,301,11
36005030701,005,2,Bronx,2030701,030701,307.01,11
36005030900,005,2,Bronx,2030900,030900,309,11
36005031900,005,2,Bronx,2031900,031900,319,11
36005032300,005,2,Bronx,2032300,032300,323,11
36005033500,005,2,Bronx,2033500,033500,335,11
36005033700,005,2,Bronx,2033700,033700,337,11
36005034300,005,2,Bronx,2034300,034300,343,11
36005034500,005,2,Bronx,2034500,034500,345,11
36005035100,005,2,Bronx,2035100,035100,351,11
36005002800,005,2,Bronx,2002800,002800,28,18
36005004400,005,2,Bronx,2004400,004400,44,18
36005004800,005,2,Bronx,2004800,004800,48,18
36005005001,005,2,Bronx,2005001,005001,50.01,18
36005005002,005,2,Bronx,2005002,005002,50.02,18
36005005200,005,2,Bronx,2005200,005200,52,17
36005005400,005,2,Bronx,2005400,005400,54,17
36005005600,005,2,Bronx,2005600,005600,56,17
36005006200,005,2,Bronx,2006200,006200,62,17
36005006400,005,2,Bronx,2006400,006400,64,18
36005006800,005,2,Bronx,2006800,006800,68,18
36005007000,005,2,Bronx,2007000,007000,70,18
36005007600,005,2,Bronx,2007600,007600,76,18
36005021601,005,2,Bronx,2021601,021601,216.01,18
36005021800,005,2,Bronx,2021800,021800,218,17
36005000200,005,2,Bronx,2000200,000200,2,18
36005000400,005,2,Bronx,2000400,000400,4,18
36005001600,005,2,Bronx,2001600,001600,16,18
36005002001,005,2,Bronx,2002001,002001,20.01,18
36005002002,005,2,Bronx,2002002,002002,20.02,18
36005003800,005,2,Bronx,2003800,003800,38,18
36005004200,005,2,Bronx,2004200,004200,42,18
36005004600,005,2,Bronx,2004600,004600,46,18
36005004001,005,2,Bronx,2004001,004001,40.01,18
36005007200,005,2,Bronx,2007200,007200,72,18
36005007400,005,2,Bronx,2007400,007400,74,18
36005007800,005,2,Bronx,2007800,007800,78,18
36005008400,005,2,Bronx,2008400,008400,84,18
36005008600,005,2,Bronx,2008600,008600,86,18
36005009000,005,2,Bronx,2009000,009000,90,18
36005009200,005,2,Bronx,2009200,009200,92,18
36005009800,005,2,Bronx,2009800,009800,98,18
36005021001,005,2,Bronx,2021001,021001,210.01,18
36005021002,005,2,Bronx,2021002,021002,210.02,18
36005021200,005,2,Bronx,2021200,021200,212,18
36005021602,005,2,Bronx,2021602,021602,216.02,18
36005022200,005,2,Bronx,2022200,022200,222,18
36005002400,005,2,Bronx,2002400,002400,24,18
36005009600,005,2,Bronx,2009600,009600,96,18
36005020000,005,2,Bronx,2020000,020000,200,18
36005020200,005,2,Bronx,2020200,020200,202,18
36005020400,005,2,Bronx,2020400,020400,204,18
36005020601,005,2,Bronx,2020601,020601,206.01,18
36005011800,005,2,Bronx,2011800,011800,118,13
36005013000,005,2,Bronx,2013000,013000,130,13
36005013200,005,2,Bronx,2013200,013200,132,13
36005013800,005,2,Bronx,2013800,013800,138,13
36005014400,005,2,Bronx,2014400,014400,144,13
36005015200,005,2,Bronx,2015200,015200,152,13
36005015800,005,2,Bronx,2015800,015800,158,13
36005016000,005,2,Bronx,2016000,016000,160,13
36005016200,005,2,Bronx,2016200,016200,162,13
36005016400,005,2,Bronx,2016400,016400,164,13
36005016600,005,2,Bronx,2016600,016600,166,13
36005018400,005,2,Bronx,2018400,018400,184,13
36005019400,005,2,Bronx,2019400,019400,194,13
36005026400,005,2,Bronx,2026400,026400,264,13
36005026601,005,2,Bronx,2026601,026601,266.01,13
36005026602,005,2,Bronx,2026602,026602,266.02,13
36005027401,005,2,Bronx,2027401,027401,274.01,13
36005027402,005,2,Bronx,2027402,027402,274.02,13
36005030000,005,2,Bronx,2030000,030000,300,13
36005051601,005,2,Bronx,2051601,051601,516.01,13
36005030201,005,2,Bronx,2030201,030201,302.01,12
36005030202,005,2,Bronx,2030202,030202,302.02,12
36005046203,005,2,Bronx,2046203,046203,462.03,12
36005046204,005,2,Bronx,2046204,046204,462.04,12
36005046205,005,2,Bronx,2046205,046205,462.05,12
36005046206,005,2,Bronx,2046206,046206,462.06,12
36005046207,005,2,Bronx,2046207,046207,462.07,12
36005051602,005,2,Bronx,2051602,051602,516.02,13
36005011000,005,2,Bronx,2011000,011000,110,13
36005022401,005,2,Bronx,2022401,022401,224.01,13
36005022403,005,2,Bronx,2022403,022403,224.03,13
36005022404,005,2,Bronx,2022404,022404,224.04,13
36005022800,005,2,Bronx,2022800,022800,228,13
36005023000,005,2,Bronx,2023000,023000,230,13
36005023200,005,2,Bronx,2023200,023200,232,13
36005023600,005,2,Bronx,2023600,023600,236,13
36005023800,005,2,Bronx,2023800,023800,238,13
36005024000,005,2,Bronx,2024000,024000,240,13
36005024400,005,2,Bronx,2024400,024400,244,13
36005024600,005,2,Bronx,2024600,024600,246,13
36005024800,005,2,Bronx,2024800,024800,248,13
36005025000,005,2,Bronx,2025000,025000,250,13
36005025200,005,2,Bronx,2025200,025200,252,13
36005025400,005,2,Bronx,2025400,025400,254,13
36005025600,005,2,Bronx,2025600,025600,256,13
36005028600,005,2,Bronx,2028600,028600,286,13
36005028800,005,2,Bronx,2028800,028800,288,13
36005029600,005,2,Bronx,2029600,029600,296,13
36005031000,005,2,Bronx,2031000,031000,310,13
36005031200,005,2,Bronx,2031200,031200,312,13
36005031400,005,2,Bronx,2031400,031400,314,13
36005031600,005,2,Bronx,2031600,031600,316,13
36005031800,005,2,Bronx,2031800,031800,318,13
36005032600,005,2,Bronx,2032600,032600,326,13
36005034400,005,2,Bronx,2034400,034400,344,12
36005034800,005,2,Bronx,2034800,034800,348,12
36005035000,005,2,Bronx,2035000,035000,350,12
36005036000,005,2,Bronx,2036000,036000,360,13
36005032400,005,2,Bronx,2032400,032400,324,13
36005032800,005,2,Bronx,2032800,032800,328,13
36005033000,005,2,Bronx,2033000,033000,330,13
36005033201,005,2,Bronx,2033201,033201,332.01,15
36005033202,005,2,Bronx,2033202,033202,332.02,15
36005033601,005,2,Bronx,2033601,033601,336.01,12
36005033801,005,2,Bronx,2033801,033801,338.01,12
36005034000,005,2,Bronx,2034000,034000,340,12
36005034200,005,2,Bronx,2034200,034200,342,12
36005028400,005,2,Bronx,2028400,028400,284,13
36005033602,005,2,Bronx,2033602,033602,336.02,12
36005033802,005,2,Bronx,2033802,033802,338.02,12
36005036800,005,2,Bronx,2036800,036800,368,12
36005037000,005,2,Bronx,2037000,037000,370,12
36005037200,005,2,Bronx,2037200,037200,372,12
36005037400,005,2,Bronx,2037400,037400,374,12
36005037600,005,2,Bronx,2037600,037600,376,12
36005037800,005,2,Bronx,2037800,037800,378,12
36005038000,005,2,Bronx,2038000,038000,380,12
36005038200,005,2,Bronx,2038200,038200,382,12
36005038800,005,2,Bronx,2038800,038800,388,12
36005039000,005,2,Bronx,2039000,039000,390,12
36005039200,005,2,Bronx,2039200,039200,392,12
36005039400,005,2,Bronx,2039400,039400,394,12
36005039600,005,2,Bronx,2039600,039600,396,12
36005039800,005,2,Bronx,2039800,039800,398,12
36005040400,005,2,Bronx,2040400,040400,404,12
36005040600,005,2,Bronx,2040600,040600,406,12
36005040800,005,2,Bronx,2040800,040800,408,12
36005043501,005,2,Bronx,2043501,043501,435.01,11
36005035600,005,2,Bronx,2035600,035600,356,12
36005035800,005,2,Bronx,2035800,035800,358,12
36005036400,005,2,Bronx,2036400,036400,364,12
36005038600,005,2,Bronx,2038600,038600,386,12
36005042600,005,2,Bronx,2042600,042600,426,12
36005045600,005,2,Bronx,2045600,045600,456,12
36005045800,005,2,Bronx,2045800,045800,458,12
36005046000,005,2,Bronx,2046000,046000,460,12
36005046208,005,2,Bronx,2046208,046208,462.08,12
36005046209,005,2,Bronx,2046209,046209,462.09,12
36005048401,005,2,Bronx,2048401,048401,484.01,12
36005048402,005,2,Bronx,2048402,048402,484.02,12
36005041400,005,2,Bronx,2041400,041400,414,11
36005041800,005,2,Bronx,2041800,041800,418,11
36005042000,005,2,Bronx,2042000,042000,420,11
36005042200,005,2,Bronx,2042200,042200,422,11
36005042400,005,2,Bronx,2042400,042400,424,12
36005042800,005,2,Bronx,2042800,042800,428,12
36005043000,005,2,Bronx,2043000,043000,430,11
36005043400,005,2,Bronx,2043400,043400,434,11
36005043600,005,2,Bronx,2043600,043600,436,11
36005044200,005,2,Bronx,2044200,044200,442,11
36005044400,005,2,Bronx,2044400,044400,444,11
36005044800,005,2,Bronx,2044800,044800,448,12
36005044901,005,2,Bronx,2044901,044901,449.01,11
36005044902,005,2,Bronx,2044902,044902,449.02,11
36005045101,005,2,Bronx,2045101,045101,451.01,11
36005045102,005,2,Bronx,2045102,045102,451.02,11
36005043502,005,2,Bronx,2043502,043502,435.02,11
36005043503,005,2,Bronx,2043503,043503,435.03,11
36005033400,005,2,Bronx,2033400,033400,334,11
36005027600,005,2,Bronx,2027600,027600,276,13
36005050400,005,2,Bronx,2050400,050400,504,13
36005000100,005,2,Bronx,2000100,000100,1,22
36047049900,047,3,Brooklyn,3049900,049900,499,33
36047056100,047,3,Brooklyn,3056100,056100,561,33
36047056301,047,3,Brooklyn,3056301,056301,563.01,33
36047056302,047,3,Brooklyn,3056302,056302,563.02,33
36047056500,047,3,Brooklyn,3056500,056500,565,33
36047056900,047,3,Brooklyn,3056900,056900,569,33
36047057100,047,3,Brooklyn,3057100,057100,571,33
36047057300,047,3,Brooklyn,3057300,057300,573,33
36047057500,047,3,Brooklyn,3057500,057500,575,33
36047057901,047,3,Brooklyn,3057901,057901,579.01,33
36047057902,047,3,Brooklyn,3057902,057902,579.02,33
36047058901,047,3,Brooklyn,3058901,058901,589.01,33
36047058902,047,3,Brooklyn,3058902,058902,589.02,33
36047059100,047,3,Brooklyn,3059100,059100,591,33
36047059300,047,3,Brooklyn,3059300,059300,593,33
36047051300,047,3,Brooklyn,3051300,051300,513,34
36047051500,047,3,Brooklyn,3051500,051500,515,33
36047051700,047,3,Brooklyn,3051700,051700,517,33
36047051900,047,3,Brooklyn,3051900,051900,519,33
36047052300,047,3,Brooklyn,3052300,052300,523,34
36047052500,047,3,Brooklyn,3052500,052500,525,34
36047052700,047,3,Brooklyn,3052700,052700,527,34
36047054700,047,3,Brooklyn,3054700,054700,547,34
36047054900,047,3,Brooklyn,3054900,054900,549,34
36047055100,047,3,Brooklyn,3055100,055100,551,34
36047055300,047,3,Brooklyn,3055300,055300,553,34
36047055500,047,3,Brooklyn,3055500,055500,555,33
36047055700,047,3,Brooklyn,3055700,055700,557,33
36047050700,047,3,Brooklyn,3050700,050700,507,33
36047050900,047,3,Brooklyn,3050900,050900,509,33
36047052900,047,3,Brooklyn,3052900,052900,529,33
36047053101,047,3,Brooklyn,3053101,053101,531.01,33
36047053102,047,3,Brooklyn,3053102,053102,531.02,33
36047053300,047,3,Brooklyn,3053300,053300,533,33
36047053500,047,3,Brooklyn,3053500,053500,535,34
36047053700,047,3,Brooklyn,3053700,053700,537,33
36047053900,047,3,Brooklyn,3053900,053900,539,33
36047054500,047,3,Brooklyn,3054500,054500,545,34
36047044901,047,3,Brooklyn,3044901,044901,449.01,34
36047044902,047,3,Brooklyn,3044902,044902,449.02,34
36047045300,047,3,Brooklyn,3045300,045300,453,34
36047047700,047,3,Brooklyn,3047700,047700,477,34
36047048100,047,3,Brooklyn,3048100,048100,481,34
36047048500,047,3,Brooklyn,3048500,048500,485,34
36047048900,047,3,Brooklyn,3048900,048900,489,34
36047049100,047,3,Brooklyn,3049100,049100,491,34
36047049301,047,3,Brooklyn,3049301,049301,493.01,34
36047049302,047,3,Brooklyn,3049302,049302,493.02,34
36047049500,047,3,Brooklyn,3049500,049500,495,34
36047049700,047,3,Brooklyn,3049700,049700,497,34
36047050100,047,3,Brooklyn,3050100,050100,501,34
36047050300,047,3,Brooklyn,3050300,050300,503,34
36047050500,047,3,Brooklyn,3050500,050500,505,34
36047051100,047,3,Brooklyn,3051100,051100,511,34
36047000100,047,3,Brooklyn,3000100,000100,1,33
36047000301,047,3,Brooklyn,3000301,000301,3.01,33
36047000501,047,3,Brooklyn,3000501,000501,5.01,33
36047000502,047,3,Brooklyn,3000502,000502,5.02,33
36047000700,047,3,Brooklyn,3000700,000700,7,33
36047000900,047,3,Brooklyn,3000900,000900,9,33
36047001100,047,3,Brooklyn,3001100,001100,11,33
36047001300,047,3,Brooklyn,3001300,001300,13,33
36047001501,047,3,Brooklyn,3001501,001501,15.01,35
36047001502,047,3,Brooklyn,3001502,001502,15.02,33
36047002100,047,3,Brooklyn,3002100,002100,21,33
36047002300,047,3,Brooklyn,3002300,002300,23,35
36047003700,047,3,Brooklyn,3003700,003700,37,33
36047003900,047,3,Brooklyn,3003900,003900,39,33
36047004100,047,3,Brooklyn,3004100,004100,41,33
36047004300,047,3,Brooklyn,3004300,004300,43,33
36047006901,047,3,Brooklyn,3006901,006901,69.01,39
36047002901,047,3,Brooklyn,3002901,002901,29.01,35
36047003101,047,3,Brooklyn,3003101,003101,31.01,35
36047003102,047,3,Brooklyn,3003102,003102,31.02,35
36047003300,047,3,Brooklyn,3003300,003300,33,35
36047003500,047,3,Brooklyn,3003500,003500,35,35
36047017900,047,3,Brooklyn,3017900,017900,179,35
36047018100,047,3,Brooklyn,3018100,018100,181,35
36047018300,047,3,Brooklyn,3018300,018300,183,35
36047018501,047,3,Brooklyn,3018501,018501,185.01,35
36047018700,047,3,Brooklyn,3018700,018700,187,35
36047021100,047,3,Brooklyn,3021100,021100,211,35
36047019100,047,3,Brooklyn,3019100,019100,191,35
36047019300,047,3,Brooklyn,3019300,019300,193,35
36047019500,047,3,Brooklyn,3019500,019500,195,35
36047019700,047,3,Brooklyn,3019700,019700,197,35
36047019900,047,3,Brooklyn,3019900,019900,199,35
36047020100,047,3,Brooklyn,3020100,020100,201,35
36047023100,047,3,Brooklyn,3023100,023100,231,35
36047054300,047,3,Brooklyn,3054300,054300,543,33
36047022700,047,3,Brooklyn,3022700,022700,227,36
36047022900,047,3,Brooklyn,3022900,022900,229,36
36047023300,047,3,Brooklyn,3023300,023300,233,36
36047023500,047,3,Brooklyn,3023500,023500,235,33
36047024100,047,3,Brooklyn,3024100,024100,241,33
36047024300,047,3,Brooklyn,3024300,024300,243,36
36047024500,047,3,Brooklyn,3024500,024500,245,36
36047024700,047,3,Brooklyn,3024700,024700,247,36
36047024900,047,3,Brooklyn,3024900,024900,249,36
36047025100,047,3,Brooklyn,3025100,025100,251,36
36047025300,047,3,Brooklyn,3025300,025300,253,36
36047025500,047,3,Brooklyn,3025500,025500,255,36
36047025700,047,3,Brooklyn,3025700,025700,257,36
36047025901,047,3,Brooklyn,3025901,025901,259.01,36
36047025902,047,3,Brooklyn,3025902,025902,259.02,36
36047026100,047,3,Brooklyn,3026100,026100,261,36
36047026300,047,3,Brooklyn,3026300,026300,263,36
36047026500,047,3,Brooklyn,3026500,026500,265,36
36047026700,047,3,Brooklyn,3026700,026700,267,36
36047026900,047,3,Brooklyn,3026900,026900,269,36
36047123700,047,3,Brooklyn,3123700,123700,1237,33
36047027100,047,3,Brooklyn,3027100,027100,271,36
36047027300,047,3,Brooklyn,3027300,027300,273,36
36047027500,047,3,Brooklyn,3027500,027500,275,36
36047027700,047,3,Brooklyn,3027700,027700,277,36
36047027900,047,3,Brooklyn,3027900,027900,279,36
36047028100,047,3,Brooklyn,3028100,028100,281,36
36047028300,047,3,Brooklyn,3028300,028300,283,36
36047028501,047,3,Brooklyn,3028501,028501,285.01,36
36047028502,047,3,Brooklyn,3028502,028502,285.02,36
36047028700,047,3,Brooklyn,3028700,028700,287,36
36047028900,047,3,Brooklyn,3028900,028900,289,36
36047029100,047,3,Brooklyn,3029100,029100,291,36
36047029300,047,3,Brooklyn,3029300,029300,293,36
36047029500,047,3,Brooklyn,3029500,029500,295,36
36047029700,047,3,Brooklyn,3029700,029700,297,36
36047029900,047,3,Brooklyn,3029900,029900,299,41
36047037500,047,3,Brooklyn,3037500,037500,375,41
36047037700,047,3,Brooklyn,3037700,037700,377,41
36047037900,047,3,Brooklyn,3037900,037900,379,41
36047038100,047,3,Brooklyn,3038100,038100,381,41
36047038300,047,3,Brooklyn,3038300,038300,383,41
36047038500,047,3,Brooklyn,3038500,038500,385,36
36047038700,047,3,Brooklyn,3038700,038700,387,36
36047038900,047,3,Brooklyn,3038900,038900,389,34
36047039100,047,3,Brooklyn,3039100,039100,391,34
36047039300,047,3,Brooklyn,3039300,039300,393,34
36047042100,047,3,Brooklyn,3042100,042100,421,37
36047042300,047,3,Brooklyn,3042300,042300,423,34
36047042500,047,3,Brooklyn,3042500,042500,425,34
36047042700,047,3,Brooklyn,3042700,042700,427,34
36047042900,047,3,Brooklyn,3042900,042900,429,34
36047043100,047,3,Brooklyn,3043100,043100,431,37
36047044100,047,3,Brooklyn,3044100,044100,441,37
36047044300,047,3,Brooklyn,3044300,044300,443,37
36047044500,047,3,Brooklyn,3044500,044500,445,37
36047044700,047,3,Brooklyn,3044700,044700,447,34
36047039500,047,3,Brooklyn,3039500,039500,395,37
36047039700,047,3,Brooklyn,3039700,039700,397,37
36047039900,047,3,Brooklyn,3039900,039900,399,37
36047040100,047,3,Brooklyn,3040100,040100,401,37
36047040300,047,3,Brooklyn,3040300,040300,403,37
36047040500,047,3,Brooklyn,3040500,040500,405,37
36047040900,047,3,Brooklyn,3040900,040900,409,37
36047041100,047,3,Brooklyn,3041100,041100,411,37
36047041300,047,3,Brooklyn,3041300,041300,413,37
36047041500,047,3,Brooklyn,3041500,041500,415,37
36047041700,047,3,Brooklyn,3041700,041700,417,37
36047041900,047,3,Brooklyn,3041900,041900,419,37
36047043300,047,3,Brooklyn,3043300,043300,433,37
36047043500,047,3,Brooklyn,3043500,043500,435,37
36047043700,047,3,Brooklyn,3043700,043700,437,37
36047043900,047,3,Brooklyn,3043900,043900,439,37
36047040700,047,3,Brooklyn,3040700,040700,407,37
36047114201,047,3,Brooklyn,3114201,114201,1142.01,37
36047114202,047,3,Brooklyn,3114202,114202,1142.02,37
36047114600,047,3,Brooklyn,3114600,114600,1146,37
36047116800,047,3,Brooklyn,3116800,116800,1168,37
36047117000,047,3,Brooklyn,3117000,117000,1170,37
36047117201,047,3,Brooklyn,3117201,117201,1172.01,37
36047117202,047,3,Brooklyn,3117202,117202,1172.02,37
36047117400,047,3,Brooklyn,3117400,117400,1174,37
36047117601,047,3,Brooklyn,3117601,117601,1176.01,37
36047117602,047,3,Brooklyn,3117602,117602,1176.02,37
36047117800,047,3,Brooklyn,3117800,117800,1178,37
36047118201,047,3,Brooklyn,3118201,118201,1182.01,37
36047118202,047,3,Brooklyn,3118202,118202,1182.02,37
36047118400,047,3,Brooklyn,3118400,118400,1184,37
36047113400,047,3,Brooklyn,3113400,113400,1134,42
36047114400,047,3,Brooklyn,3114400,114400,1144,37
36047115000,047,3,Brooklyn,3115000,115000,1150,42
36047115200,047,3,Brooklyn,3115200,115200,1152,42
36047115600,047,3,Brooklyn,3115600,115600,1156,42
36047115800,047,3,Brooklyn,3115800,115800,1158,42
36047116000,047,3,Brooklyn,3116000,116000,1160,42
36047116200,047,3,Brooklyn,3116200,116200,1162,42
36047116400,047,3,Brooklyn,3116400,116400,1164,42
36047116600,047,3,Brooklyn,3116600,116600,1166,42
36047119200,047,3,Brooklyn,3119200,119200,1192,37
36047119400,047,3,Brooklyn,3119400,119400,1194,42
36047119800,047,3,Brooklyn,3119800,119800,1198,37
36047107800,047,3,Brooklyn,3107800,107800,1078,42
36047109800,047,3,Brooklyn,3109800,109800,1098,42
36047110400,047,3,Brooklyn,3110400,110400,1104,42
36047110600,047,3,Brooklyn,3110600,110600,1106,42
36047111000,047,3,Brooklyn,3111000,111000,1110,42
36047111600,047,3,Brooklyn,3111600,111600,1116,42
36047111800,047,3,Brooklyn,3111800,111800,1118,42
36047112000,047,3,Brooklyn,3112000,112000,1120,42
36047112200,047,3,Brooklyn,3112200,112200,1122,42
36047112400,047,3,Brooklyn,3112400,112400,1124,42
36047112600,047,3,Brooklyn,3112600,112600,1126,42
36047112800,047,3,Brooklyn,3112800,112800,1128,42
36047113000,047,3,Brooklyn,3113000,113000,1130,42
36047113200,047,3,Brooklyn,3113200,113200,1132,42
36047105801,047,3,Brooklyn,3105801,105801,1058.01,42
36047105804,047,3,Brooklyn,3105804,105804,1058.04,42
36047107001,047,3,Brooklyn,3107001,107001,1070.01,42
36047107003,047,3,Brooklyn,3107003,107003,1070.03,42
36047118600,047,3,Brooklyn,3118600,118600,1186,37
36047118800,047,3,Brooklyn,3118800,118800,1188,37
36047119000,047,3,Brooklyn,3119000,119000,1190,37
36047119600,047,3,Brooklyn,3119600,119600,1196,42
36047120000,047,3,Brooklyn,3120000,120000,1200,42
36047120200,047,3,Brooklyn,3120200,120200,1202,37
36047120801,047,3,Brooklyn,3120801,120801,1208.01,42
36047120802,047,3,Brooklyn,3120802,120802,1208.02,42
36047120803,047,3,Brooklyn,3120803,120803,1208.03,42
36047121000,047,3,Brooklyn,3121000,121000,1210,42
36047121400,047,3,Brooklyn,3121400,121400,1214,42
36047122000,047,3,Brooklyn,3122000,122000,1220,42
36047118000,047,3,Brooklyn,3118000,118000,1180,37
36047004500,047,3,Brooklyn,3004500,004500,45,39
36047004700,047,3,Brooklyn,3004700,004700,47,39
36047004900,047,3,Brooklyn,3004900,004900,49,39
36047005100,047,3,Brooklyn,3005100,005100,51,39
36047005301,047,3,Brooklyn,3005301,005301,53.01,38
36047005302,047,3,Brooklyn,3005302,005302,53.02,38
36047005303,047,3,Brooklyn,3005303,005303,53.03,38
36047005900,047,3,Brooklyn,3005900,005900,59,38
36047006300,047,3,Brooklyn,3006300,006300,63,39
36047006500,047,3,Brooklyn,3006500,006500,65,39
36047006700,047,3,Brooklyn,3006700,006700,67,39
36047006902,047,3,Brooklyn,3006902,006902,69.02,39
36047007100,047,3,Brooklyn,3007100,007100,71,39
36047007500,047,3,Brooklyn,3007500,007500,75,39
36047007700,047,3,Brooklyn,3007700,007700,77,39
36047008500,047,3,Brooklyn,3008500,008500,85,38
36047011700,047,3,Brooklyn,3011700,011700,117,38
36047011901,047,3,Brooklyn,3011901,011901,119.01,39
36047011902,047,3,Brooklyn,3011902,011902,119.02,39
36047012100,047,3,Brooklyn,3012100,012100,121,39
36047012700,047,3,Brooklyn,3012700,012700,127,39
36047012901,047,3,Brooklyn,3012901,012901,129.01,39
36047012902,047,3,Brooklyn,3012902,012902,129.02,39
36047013100,047,3,Brooklyn,3013100,013100,131,39
36047013300,047,3,Brooklyn,3013300,013300,133,39
36047013500,047,3,Brooklyn,3013500,013500,135,39
36047013700,047,3,Brooklyn,3013700,013700,137,39
36047013900,047,3,Brooklyn,3013900,013900,139,38
36047014101,047,3,Brooklyn,3014101,014101,141.01,38
36047014901,047,3,Brooklyn,3014901,014901,149.01,39
36047015100,047,3,Brooklyn,3015100,015100,151,39
36047015300,047,3,Brooklyn,3015300,015300,153,39
36047015500,047,3,Brooklyn,3015500,015500,155,39
36047015700,047,3,Brooklyn,3015700,015700,157,39
36047015900,047,3,Brooklyn,3015900,015900,159,39
36047016500,047,3,Brooklyn,3016500,016500,165,39
36047016700,047,3,Brooklyn,3016700,016700,167,39
36047014102,047,3,Brooklyn,3014102,014102,141.02,39
36047014902,047,3,Brooklyn,3014902,014902,149.02,39
36047016900,047,3,Brooklyn,3016900,016900,169,39
36047017100,047,3,Brooklyn,3017100,017100,171,39
36047050001,047,3,Brooklyn,3050001,050001,500.01,39
36047050202,047,3,Brooklyn,3050202,050202,502.02,39
36047050401,047,3,Brooklyn,3050401,050401,504.01,40
36047150200,047,3,Brooklyn,3150200,150200,1502,39
36047000200,047,3,Brooklyn,3000200,000200,2,38
36047001801,047,3,Brooklyn,3001801,001801,18.01,38
36047001802,047,3,Brooklyn,3001802,001802,18.02,38
36047001803,047,3,Brooklyn,3001803,001803,18.03,38
36047001804,047,3,Brooklyn,3001804,001804,18.04,38
36047002000,047,3,Brooklyn,3002000,002000,20,38
36047002200,047,3,Brooklyn,3002200,002200,22,38
36047007200,047,3,Brooklyn,3007200,007200,72,38
36047007400,047,3,Brooklyn,3007400,007400,74,38
36047007600,047,3,Brooklyn,3007600,007600,76,38
36047007800,047,3,Brooklyn,3007800,007800,78,38
36047008000,047,3,Brooklyn,3008000,008000,80,38
36047008200,047,3,Brooklyn,3008200,008200,82,38
36047008400,047,3,Brooklyn,3008400,008400,84,38
36047010100,047,3,Brooklyn,3010100,010100,101,38
36047014300,047,3,Brooklyn,3014300,014300,143,38
36047014500,047,3,Brooklyn,3014500,014500,145,38
36047014700,047,3,Brooklyn,3014700,014700,147,39
36047008600,047,3,Brooklyn,3008600,008600,86,38
36047008800,047,3,Brooklyn,3008800,008800,88,38
36047009001,047,3,Brooklyn,3009001,009001,90.01,38
36047009201,047,3,Brooklyn,3009201,009201,92.01,38
36047009401,047,3,Brooklyn,3009401,009401,94.01,38
36047009600,047,3,Brooklyn,3009600,009600,96,38
36047009800,047,3,Brooklyn,3009800,009800,98,43
36047010000,047,3,Brooklyn,3010000,010000,100,38
36047010200,047,3,Brooklyn,3010200,010200,102,43
36047010401,047,3,Brooklyn,3010401,010401,104.01,43
36047010601,047,3,Brooklyn,3010601,010601,106.01,43
36047010801,047,3,Brooklyn,3010801,010801,108.01,43
36047011800,047,3,Brooklyn,3011800,011800,118,43
36047012200,047,3,Brooklyn,3012200,012200,122,38
36047017500,047,3,Brooklyn,3017500,017500,175,38
36047016100,047,3,Brooklyn,3016100,016100,161,35
36047016300,047,3,Brooklyn,3016300,016300,163,35
36047020300,047,3,Brooklyn,3020300,020300,203,35
36047020500,047,3,Brooklyn,3020500,020500,205,35
36047020700,047,3,Brooklyn,3020700,020700,207,35
36047021500,047,3,Brooklyn,3021500,021500,215,35
36047021700,047,3,Brooklyn,3021700,021700,217,35
36047021900,047,3,Brooklyn,3021900,021900,219,35
36047022100,047,3,Brooklyn,3022100,022100,221,35
36047030500,047,3,Brooklyn,3030500,030500,305,35
36047030700,047,3,Brooklyn,3030700,030700,307,41
36047030900,047,3,Brooklyn,3030900,030900,309,36
36047031100,047,3,Brooklyn,3031100,031100,311,36
36047031300,047,3,Brooklyn,3031300,031300,313,36
36047031500,047,3,Brooklyn,3031500,031500,315,36
36047031701,047,3,Brooklyn,3031701,031701,317.01,36
36047031702,047,3,Brooklyn,3031702,031702,317.02,35
36047033701,047,3,Brooklyn,3033701,033701,337.01,35
36047033900,047,3,Brooklyn,3033900,033900,339,35
36047034100,047,3,Brooklyn,3034100,034100,341,36
36047034300,047,3,Brooklyn,3034300,034300,343,36
36047034500,047,3,Brooklyn,3034500,034500,345,36
36047034700,047,3,Brooklyn,3034700,034700,347,36
36047034901,047,3,Brooklyn,3034901,034901,349.01,36
36047035101,047,3,Brooklyn,3035101,035101,351.01,35
36047035301,047,3,Brooklyn,3035301,035301,353.01,35
36047035701,047,3,Brooklyn,3035701,035701,357.01,41
36047035900,047,3,Brooklyn,3035900,035900,359,41
36047035702,047,3,Brooklyn,3035702,035702,357.02,41
36047021300,047,3,Brooklyn,3021300,021300,213,35
36047031900,047,3,Brooklyn,3031900,031900,319,35
36047032100,047,3,Brooklyn,3032100,032100,321,35
36047032300,047,3,Brooklyn,3032300,032300,323,35
36047032500,047,3,Brooklyn,3032500,032500,325,35
36047033100,047,3,Brooklyn,3033100,033100,331,35
36047033300,047,3,Brooklyn,3033300,033300,333,35
36047033500,047,3,Brooklyn,3033500,033500,335,35
36047033702,047,3,Brooklyn,3033702,033702,337.02,35
36047034902,047,3,Brooklyn,3034902,034902,349.02,41
36047035102,047,3,Brooklyn,3035102,035102,351.02,35
36047035302,047,3,Brooklyn,3035302,035302,353.02,35
36047035500,047,3,Brooklyn,3035500,035500,355,41
36047032700,047,3,Brooklyn,3032700,032700,327,40
36047032900,047,3,Brooklyn,3032900,032900,329,40
36047079601,047,3,Brooklyn,3079601,079601,796.01,40
36047079801,047,3,Brooklyn,3079801,079801,798.01,40
36047079802,047,3,Brooklyn,3079802,079802,798.02,40
36047080000,047,3,Brooklyn,3080000,080000,800,40
36047080200,047,3,Brooklyn,3080200,080200,802,40
36047080400,047,3,Brooklyn,3080400,080400,804,40
36047080600,047,3,Brooklyn,3080600,080600,806,40
36047080800,047,3,Brooklyn,3080800,080800,808,40
36047081000,047,3,Brooklyn,3081000,081000,810,40
36047087401,047,3,Brooklyn,3087401,087401,874.01,40
36047087600,047,3,Brooklyn,3087600,087600,876,41
36047088001,047,3,Brooklyn,3088001,088001,880.01,41
36047003000,047,3,Brooklyn,3003000,003000,30,47
36047003400,047,3,Brooklyn,3003400,003400,34,47
36047003600,047,3,Brooklyn,3003600,003600,36,47
36047003800,047,3,Brooklyn,3003800,003800,38,47
36047004400,047,3,Brooklyn,3004400,004400,44,47
36047004600,047,3,Brooklyn,3004600,004600,46,47
36047005000,047,3,Brooklyn,3005000,005000,50,47
36047005201,047,3,Brooklyn,3005201,005201,52.01,47
36047005202,047,3,Brooklyn,3005202,005202,52.02,47
36047005400,047,3,Brooklyn,3005400,005400,54,47
36047005601,047,3,Brooklyn,3005601,005601,56.01,47
36047005602,047,3,Brooklyn,3005602,005602,56.02,47
36047005800,047,3,Brooklyn,3005800,005800,58,47
36047006000,047,3,Brooklyn,3006000,006000,60,47
36047006200,047,3,Brooklyn,3006200,006200,62,47
36047006400,047,3,Brooklyn,3006400,006400,64,47
36047006600,047,3,Brooklyn,3006600,006600,66,47
36047006800,047,3,Brooklyn,3006800,006800,68,47
36047007000,047,3,Brooklyn,3007000,007000,70,47
36047012600,047,3,Brooklyn,3012600,012600,126,47
36047013000,047,3,Brooklyn,3013000,013000,130,47
36047013400,047,3,Brooklyn,3013400,013400,134,47
36047013600,047,3,Brooklyn,3013600,013600,136,47
36047013800,047,3,Brooklyn,3013800,013800,138,47
36047014200,047,3,Brooklyn,3014200,014200,142,47
36047015200,047,3,Brooklyn,3015200,015200,152,50
36047016000,047,3,Brooklyn,3016000,016000,160,47
36047016200,047,3,Brooklyn,3016200,016200,162,47
36047012000,047,3,Brooklyn,3012000,012000,120,38
36047012801,047,3,Brooklyn,3012801,012801,128.01,38
36047013200,047,3,Brooklyn,3013200,013200,132,38
36047014000,047,3,Brooklyn,3014000,014000,140,47
36047014800,047,3,Brooklyn,3014800,014800,148,50
36047015000,047,3,Brooklyn,3015000,015000,150,50
36047016600,047,3,Brooklyn,3016600,016600,166,47
36047019400,047,3,Brooklyn,3019400,019400,194,43
36047019600,047,3,Brooklyn,3019600,019600,196,38
36047019800,047,3,Brooklyn,3019800,019800,198,38
36047020000,047,3,Brooklyn,3020000,020000,200,38
36047020200,047,3,Brooklyn,3020200,020200,202,38
36047020400,047,3,Brooklyn,3020400,020400,204,38
36047020600,047,3,Brooklyn,3020600,020600,206,38
36047020800,047,3,Brooklyn,3020800,020800,208,38
36047021000,047,3,Brooklyn,3021000,021000,210,43
36047021200,047,3,Brooklyn,3021200,021200,212,43
36047016400,047,3,Brooklyn,3016400,016400,164,50
36047015400,047,3,Brooklyn,3015400,015400,154,50
36047018200,047,3,Brooklyn,3018200,018200,182,38
36047018400,047,3,Brooklyn,3018400,018400,184,38
36047018600,047,3,Brooklyn,3018600,018600,186,38
36047018800,047,3,Brooklyn,3018800,018800,188,38
36047019000,047,3,Brooklyn,3019000,019000,190,38
36047024800,047,3,Brooklyn,3024800,024800,248,43
36047025000,047,3,Brooklyn,3025000,025000,250,43
36047025200,047,3,Brooklyn,3025200,025200,252,43
36047025400,047,3,Brooklyn,3025400,025400,254,43
36047025600,047,3,Brooklyn,3025600,025600,256,43
36047025800,047,3,Brooklyn,3025800,025800,258,43
36047026000,047,3,Brooklyn,3026000,026000,260,43
36047026200,047,3,Brooklyn,3026200,026200,262,43
36047026400,047,3,Brooklyn,3026400,026400,264,43
36047026600,047,3,Brooklyn,3026600,026600,266,43
36047026800,047,3,Brooklyn,3026800,026800,268,43
36047027000,047,3,Brooklyn,3027000,027000,270,43
36047027200,047,3,Brooklyn,3027200,027200,272,43
36047027400,047,3,Brooklyn,3027400,027400,274,43
36047027600,047,3,Brooklyn,3027600,027600,276,43
36047027800,047,3,Brooklyn,3027800,027800,278,38
36047028400,047,3,Brooklyn,3028400,028400,284,38
36047028800,047,3,Brooklyn,3028800,028800,288,43
36047029000,047,3,Brooklyn,3029000,029000,290,43
36047043000,047,3,Brooklyn,3043000,043000,430,43
36047043200,047,3,Brooklyn,3043200,043200,432,43
36047043400,047,3,Brooklyn,3043400,043400,434,44
36047043600,047,3,Brooklyn,3043600,043600,436,44
36047016800,047,3,Brooklyn,3016800,016800,168,50
36047017000,047,3,Brooklyn,3017000,017000,170,50
36047017200,047,3,Brooklyn,3017200,017200,172,50
36047017400,047,3,Brooklyn,3017400,017400,174,47
36047017600,047,3,Brooklyn,3017600,017600,176,47
36047017800,047,3,Brooklyn,3017800,017800,178,38
36047018000,047,3,Brooklyn,3018000,018000,180,47
36047028000,047,3,Brooklyn,3028000,028000,280,47
36047028200,047,3,Brooklyn,3028200,028200,282,47
36047028600,047,3,Brooklyn,3028600,028600,286,47
36047029200,047,3,Brooklyn,3029200,029200,292,43
36047029400,047,3,Brooklyn,3029400,029400,294,47
36047029600,047,3,Brooklyn,3029600,029600,296,43
36047029800,047,3,Brooklyn,3029800,029800,298,43
36047030000,047,3,Brooklyn,3030000,030000,300,43
36047030200,047,3,Brooklyn,3030200,030200,302,43
36047030400,047,3,Brooklyn,3030400,030400,304,47
36047040000,047,3,Brooklyn,3040000,040000,400,44
36047040200,047,3,Brooklyn,3040200,040200,402,43
36047040400,047,3,Brooklyn,3040400,040400,404,43
36047040600,047,3,Brooklyn,3040600,040600,406,43
36047040800,047,3,Brooklyn,3040800,040800,408,43
36047041000,047,3,Brooklyn,3041000,041000,410,44
36047041200,047,3,Brooklyn,3041200,041200,412,44
36047042400,047,3,Brooklyn,3042400,042400,424,44
36047042600,047,3,Brooklyn,3042600,042600,426,43
36047042800,047,3,Brooklyn,3042800,042800,428,43
36047009002,047,3,Brooklyn,3009002,009002,90.02,38
36047009202,047,3,Brooklyn,3009202,009202,92.02,38
36047009402,047,3,Brooklyn,3009402,009402,94.02,38
36047010402,047,3,Brooklyn,3010402,010402,104.02,43
36047010602,047,3,Brooklyn,3010602,010602,106.02,43
36047010802,047,3,Brooklyn,3010802,010802,108.02,43
36047011000,047,3,Brooklyn,3011000,011000,110,38
36047011200,047,3,Brooklyn,3011200,011200,112,38
36047011400,047,3,Brooklyn,3011400,011400,114,38
36047011600,047,3,Brooklyn,3011600,011600,116,43
36047019200,047,3,Brooklyn,3019200,019200,192,44
36047021400,047,3,Brooklyn,3021400,021400,214,44
36047021600,047,3,Brooklyn,3021600,021600,216,44
36047021800,047,3,Brooklyn,3021800,021800,218,44
36047022000,047,3,Brooklyn,3022000,022000,220,44
36047022200,047,3,Brooklyn,3022200,022200,222,44
36047022400,047,3,Brooklyn,3022400,022400,224,39
36047022600,047,3,Brooklyn,3022600,022600,226,39
36047022800,047,3,Brooklyn,3022800,022800,228,39
36047023000,047,3,Brooklyn,3023000,023000,230,39
36047023200,047,3,Brooklyn,3023200,023200,232,44
36047023400,047,3,Brooklyn,3023400,023400,234,44
36047023600,047,3,Brooklyn,3023600,023600,236,44
36047023800,047,3,Brooklyn,3023800,023800,238,44
36047024000,047,3,Brooklyn,3024000,024000,240,44
36047024200,047,3,Brooklyn,3024200,024200,242,44
36047047000,047,3,Brooklyn,3047000,047000,470,44
36047047200,047,3,Brooklyn,3047200,047200,472,44
36047047400,047,3,Brooklyn,3047400,047400,474,44
36047047600,047,3,Brooklyn,3047600,047600,476,44
36047047800,047,3,Brooklyn,3047800,047800,478,44
36047048400,047,3,Brooklyn,3048400,048400,484,40
36047048600,047,3,Brooklyn,3048600,048600,486,39
36047048800,047,3,Brooklyn,3048800,048800,488,39
36047049000,047,3,Brooklyn,3049000,049000,490,39
36047049200,047,3,Brooklyn,3049200,049200,492,39
36047049400,047,3,Brooklyn,3049400,049400,494,39
36047049600,047,3,Brooklyn,3049600,049600,496,39
36047049800,047,3,Brooklyn,3049800,049800,498,39
36047050002,047,3,Brooklyn,3050002,050002,500.02,39
36047050402,047,3,Brooklyn,3050402,050402,504.02,40
36047024400,047,3,Brooklyn,3024400,024400,244,44
36047024600,047,3,Brooklyn,3024600,024600,246,44
36047043800,047,3,Brooklyn,3043800,043800,438,44
36047044000,047,3,Brooklyn,3044000,044000,440,44
36047044200,047,3,Brooklyn,3044200,044200,442,44
36047044400,047,3,Brooklyn,3044400,044400,444,44
36047044600,047,3,Brooklyn,3044600,044600,446,44
36047044800,047,3,Brooklyn,3044800,044800,448,44
36047045000,047,3,Brooklyn,3045000,045000,450,44
36047045200,047,3,Brooklyn,3045200,045200,452,44
36047045400,047,3,Brooklyn,3045400,045400,454,44
36047045600,047,3,Brooklyn,3045600,045600,456,45
36047045800,047,3,Brooklyn,3045800,045800,458,45
36047046202,047,3,Brooklyn,3046202,046202,462.02,44
36047046400,047,3,Brooklyn,3046400,046400,464,44
36047046800,047,3,Brooklyn,3046800,046800,468,44
36047030600,047,3,Brooklyn,3030600,030600,306,47
36047030800,047,3,Brooklyn,3030800,030800,308,47
36047031401,047,3,Brooklyn,3031401,031401,314.01,47
36047037000,047,3,Brooklyn,3037000,037000,370,48
36047037401,047,3,Brooklyn,3037401,037401,374.01,47
36047037402,047,3,Brooklyn,3037402,037402,374.02,47
36047038200,047,3,Brooklyn,3038200,038200,382,47
36047032600,047,3,Brooklyn,3032600,032600,326,47
36047032800,047,3,Brooklyn,3032800,032800,328,47
36047033000,047,3,Brooklyn,3033000,033000,330,47
36047033600,047,3,Brooklyn,3033600,033600,336,47
36047034000,047,3,Brooklyn,3034000,034000,340,47
36047034200,047,3,Brooklyn,3034200,034200,342,47
36047034800,047,3,Brooklyn,3034800,034800,348,47
36047035000,047,3,Brooklyn,3035000,035000,350,48
36047035200,047,3,Brooklyn,3035200,035200,352,47
36047035400,047,3,Brooklyn,3035400,035400,354,48
36047035601,047,3,Brooklyn,3035601,035601,356.01,48
36047035602,047,3,Brooklyn,3035602,035602,356.02,48
36047990100,047,3,Brooklyn,3990100,990100,9901,47
36047036001,047,3,Brooklyn,3036001,036001,360.01,48
36047036002,047,3,Brooklyn,3036002,036002,360.02,48
36047036200,047,3,Brooklyn,3036200,036200,362,48
36047036400,047,3,Brooklyn,3036400,036400,364,48
36047036600,047,3,Brooklyn,3036600,036600,366,48
36047061002,047,3,Brooklyn,3061002,061002,610.02,48
36047061003,047,3,Brooklyn,3061003,061003,610.03,48
36047061004,047,3,Brooklyn,3061004,061004,610.04,48
36047031402,047,3,Brooklyn,3031402,031402,314.02,47
36047050801,047,3,Brooklyn,3050801,050801,508.01,40
36047050803,047,3,Brooklyn,3050803,050803,508.03,40
36047050804,047,3,Brooklyn,3050804,050804,508.04,40
36047051001,047,3,Brooklyn,3051001,051001,510.01,40
36047051002,047,3,Brooklyn,3051002,051002,510.02,40
36047051200,047,3,Brooklyn,3051200,051200,512,40
36047051400,047,3,Brooklyn,3051400,051400,514,40
36047051601,047,3,Brooklyn,3051601,051601,516.01,40
36047051602,047,3,Brooklyn,3051602,051602,516.02,40
36047076600,047,3,Brooklyn,3076600,076600,766,45
36047077000,047,3,Brooklyn,3077000,077000,770,45
36047077200,047,3,Brooklyn,3077200,077200,772,45
36047077400,047,3,Brooklyn,3077400,077400,774,45
36047078601,047,3,Brooklyn,3078601,078601,786.01,45
36047078801,047,3,Brooklyn,3078801,078801,788.01,45
36047079001,047,3,Brooklyn,3079001,079001,790.01,45
36047079201,047,3,Brooklyn,3079201,079201,792.01,40
36047079602,047,3,Brooklyn,3079602,079602,796.02,40
36047046000,047,3,Brooklyn,3046000,046000,460,45
36047046201,047,3,Brooklyn,3046201,046201,462.01,40
36047048000,047,3,Brooklyn,3048000,048000,480,40
36047048200,047,3,Brooklyn,3048200,048200,482,40
36047050600,047,3,Brooklyn,3050600,050600,506,40
36047051800,047,3,Brooklyn,3051800,051800,518,45
36047052000,047,3,Brooklyn,3052000,052000,520,40
36047052600,047,3,Brooklyn,3052600,052600,526,40
36047052800,047,3,Brooklyn,3052800,052800,528,45
36047076400,047,3,Brooklyn,3076400,076400,764,45
36047152200,047,3,Brooklyn,3152200,152200,1522,40
36047053000,047,3,Brooklyn,3053000,053000,530,45
36047053200,047,3,Brooklyn,3053200,053200,532,44
36047053400,047,3,Brooklyn,3053400,053400,534,44
36047053800,047,3,Brooklyn,3053800,053800,538,44
36047054200,047,3,Brooklyn,3054200,054200,542,48
36047054400,047,3,Brooklyn,3054400,054400,544,48
36047054600,047,3,Brooklyn,3054600,054600,546,48
36047074800,047,3,Brooklyn,3074800,074800,748,45
36047075000,047,3,Brooklyn,3075000,075000,750,45
36047075200,047,3,Brooklyn,3075200,075200,752,45
36047075400,047,3,Brooklyn,3075400,075400,754,45
36047075600,047,3,Brooklyn,3075600,075600,756,45
36047075800,047,3,Brooklyn,3075800,075800,758,44
36047076000,047,3,Brooklyn,3076000,076000,760,45
36047076200,047,3,Brooklyn,3076200,076200,762,44
36047076800,047,3,Brooklyn,3076800,076800,768,44
36047038600,047,3,Brooklyn,3038600,038600,386,47
36047038800,047,3,Brooklyn,3038800,038800,388,44
36047039000,047,3,Brooklyn,3039000,039000,390,48
36047039200,047,3,Brooklyn,3039200,039200,392,48
36047039400,047,3,Brooklyn,3039400,039400,394,48
36047039600,047,3,Brooklyn,3039600,039600,396,44
36047039800,047,3,Brooklyn,3039800,039800,398,43
36047041401,047,3,Brooklyn,3041401,041401,414.01,44
36047041402,047,3,Brooklyn,3041402,041402,414.02,44
36047041600,047,3,Brooklyn,3041600,041600,416,48
36047041800,047,3,Brooklyn,3041800,041800,418,44
36047042000,047,3,Brooklyn,3042000,042000,420,44
36047042200,047,3,Brooklyn,3042200,042200,422,44
36047055400,047,3,Brooklyn,3055400,055400,554,48
36047055600,047,3,Brooklyn,3055600,055600,556,48
36047058200,047,3,Brooklyn,3058200,058200,582,48
36047058400,047,3,Brooklyn,3058400,058400,584,48
36047058800,047,3,Brooklyn,3058800,058800,588,48
36047054800,047,3,Brooklyn,3054800,054800,548,48
36047055000,047,3,Brooklyn,3055000,055000,550,48
36047055200,047,3,Brooklyn,3055200,055200,552,48
36047055800,047,3,Brooklyn,3055800,055800,558,48
36047056000,047,3,Brooklyn,3056000,056000,560,48
36047056200,047,3,Brooklyn,3056200,056200,562,48
36047056400,047,3,Brooklyn,3056400,056400,564,48
36047056600,047,3,Brooklyn,3056600,056600,566,46
36047056800,047,3,Brooklyn,3056800,056800,568,46
36047057400,047,3,Brooklyn,3057400,057400,574,46
36047057600,047,3,Brooklyn,3057600,057600,576,48
36047057800,047,3,Brooklyn,3057800,057800,578,48
36047058000,047,3,Brooklyn,3058000,058000,580,48
36047063800,047,3,Brooklyn,3063800,063800,638,46
36047064200,047,3,Brooklyn,3064200,064200,642,48
36047057000,047,3,Brooklyn,3057000,057000,570,46
36047057200,047,3,Brooklyn,3057200,057200,572,46
36047058600,047,3,Brooklyn,3058600,058600,586,48
36047059000,047,3,Brooklyn,3059000,059000,590,48
36047059200,047,3,Brooklyn,3059200,059200,592,48
36047059402,047,3,Brooklyn,3059402,059402,594.02,48
36047059403,047,3,Brooklyn,3059403,059403,594.03,48
36047059404,047,3,Brooklyn,3059404,059404,594.04,48
36047059600,047,3,Brooklyn,3059600,059600,596,48
36047059800,047,3,Brooklyn,3059800,059800,598,48
36047060000,047,3,Brooklyn,3060000,060000,600,48
36047060600,047,3,Brooklyn,3060600,060600,606,48
36047060800,047,3,Brooklyn,3060800,060800,608,48
36047061200,047,3,Brooklyn,3061200,061200,612,48
36047061600,047,3,Brooklyn,3061600,061600,616,48
36047062000,047,3,Brooklyn,3062000,062000,620,48
36047062200,047,3,Brooklyn,3062200,062200,622,48
36047062600,047,3,Brooklyn,3062600,062600,626,46
36047062800,047,3,Brooklyn,3062800,062800,628,46
36047063200,047,3,Brooklyn,3063200,063200,632,46
36047030100,047,3,Brooklyn,3030100,030100,301,41
36047030300,047,3,Brooklyn,3030300,030300,303,41
36047036100,047,3,Brooklyn,3036100,036100,361,41
36047036300,047,3,Brooklyn,3036300,036300,363,41
36047036501,047,3,Brooklyn,3036501,036501,365.01,41
36047036502,047,3,Brooklyn,3036502,036502,365.02,37
36047036700,047,3,Brooklyn,3036700,036700,367,37
36047036900,047,3,Brooklyn,3036900,036900,369,37
36047037100,047,3,Brooklyn,3037100,037100,371,41
36047037300,047,3,Brooklyn,3037300,037300,373,41
36047089400,047,3,Brooklyn,3089400,089400,894,41
36047089600,047,3,Brooklyn,3089600,089600,896,41
36047089800,047,3,Brooklyn,3089800,089800,898,41
36047090000,047,3,Brooklyn,3090000,090000,900,41
36047090200,047,3,Brooklyn,3090200,090200,902,41
36047090600,047,3,Brooklyn,3090600,090600,906,41
36047090800,047,3,Brooklyn,3090800,090800,908,37
36047091000,047,3,Brooklyn,3091000,091000,910,41
36047091200,047,3,Brooklyn,3091200,091200,912,41
36047091600,047,3,Brooklyn,3091600,091600,916,41
36047091800,047,3,Brooklyn,3091800,091800,918,41
36047092000,047,3,Brooklyn,3092000,092000,920,42
36047092200,047,3,Brooklyn,3092200,092200,922,42
36047092400,047,3,Brooklyn,3092400,092400,924,41
36047079002,047,3,Brooklyn,3079002,079002,790.02,45
36047079202,047,3,Brooklyn,3079202,079202,792.02,40
36047079400,047,3,Brooklyn,3079400,079400,794,40
36047081600,047,3,Brooklyn,3081600,081600,816,40
36047081800,047,3,Brooklyn,3081800,081800,818,40
36047082000,047,3,Brooklyn,3082000,082000,820,40
36047082200,047,3,Brooklyn,3082200,082200,822,40
36047082400,047,3,Brooklyn,3082400,082400,824,40
36047082600,047,3,Brooklyn,3082600,082600,826,40
36047082800,047,3,Brooklyn,3082800,082800,828,45
36047085600,047,3,Brooklyn,3085600,085600,856,45
36047078000,047,3,Brooklyn,3078000,078000,780,45
36047078200,047,3,Brooklyn,3078200,078200,782,45
36047078400,047,3,Brooklyn,3078400,078400,784,45
36047078602,047,3,Brooklyn,3078602,078602,786.02,45
36047078802,047,3,Brooklyn,3078802,078802,788.02,45
36047083000,047,3,Brooklyn,3083000,083000,830,45
36047083200,047,3,Brooklyn,3083200,083200,832,45
36047083400,047,3,Brooklyn,3083400,083400,834,45
36047083600,047,3,Brooklyn,3083600,083600,836,45
36047083800,047,3,Brooklyn,3083800,083800,838,45
36047084000,047,3,Brooklyn,3084000,084000,840,45
36047084600,047,3,Brooklyn,3084600,084600,846,45
36047085400,047,3,Brooklyn,3085400,085400,854,45
36047093200,047,3,Brooklyn,3093200,093200,932,45
36047081400,047,3,Brooklyn,3081400,081400,814,40
36047084800,047,3,Brooklyn,3084800,084800,848,45
36047085000,047,3,Brooklyn,3085000,085000,850,45
36047085800,047,3,Brooklyn,3085800,085800,858,40
36047086000,047,3,Brooklyn,3086000,086000,860,45
36047086200,047,3,Brooklyn,3086200,086200,862,45
36047086400,047,3,Brooklyn,3086400,086400,864,41
36047086600,047,3,Brooklyn,3086600,086600,866,41
36047086800,047,3,Brooklyn,3086800,086800,868,41
36047087000,047,3,Brooklyn,3087000,087000,870,41
36047087200,047,3,Brooklyn,3087200,087200,872,40
36047087800,047,3,Brooklyn,3087800,087800,878,41
36047088002,047,3,Brooklyn,3088002,088002,880.02,41
36047093600,047,3,Brooklyn,3093600,093600,936,42
36047093800,047,3,Brooklyn,3093800,093800,938,45
36047094600,047,3,Brooklyn,3094600,094600,946,45
36047088200,047,3,Brooklyn,3088200,088200,882,41
36047088400,047,3,Brooklyn,3088400,088400,884,41
36047088600,047,3,Brooklyn,3088600,088600,886,41
36047088800,047,3,Brooklyn,3088800,088800,888,41
36047089000,047,3,Brooklyn,3089000,089000,890,41
36047089200,047,3,Brooklyn,3089200,089200,892,41
36047092800,047,3,Brooklyn,3092800,092800,928,42
36047093000,047,3,Brooklyn,3093000,093000,930,42
36047093400,047,3,Brooklyn,3093400,093400,934,42
36047085200,047,3,Brooklyn,3085200,085200,852,45
36047065000,047,3,Brooklyn,3065000,065000,650,45
36047067200,047,3,Brooklyn,3067200,067200,672,46
36047067400,047,3,Brooklyn,3067400,067400,674,46
36047067600,047,3,Brooklyn,3067600,067600,676,46
36047067800,047,3,Brooklyn,3067800,067800,678,46
36047068000,047,3,Brooklyn,3068000,068000,680,46
36047068200,047,3,Brooklyn,3068200,068200,682,46
36047068800,047,3,Brooklyn,3068800,068800,688,46
36047069000,047,3,Brooklyn,3069000,069000,690,46
36047069200,047,3,Brooklyn,3069200,069200,692,46
36047072000,047,3,Brooklyn,3072000,072000,720,46
36047072200,047,3,Brooklyn,3072200,072200,722,45
36047072400,047,3,Brooklyn,3072400,072400,724,45
36047072600,047,3,Brooklyn,3072600,072600,726,45
36047072800,047,3,Brooklyn,3072800,072800,728,46
36047073000,047,3,Brooklyn,3073000,073000,730,45
36047073200,047,3,Brooklyn,3073200,073200,732,45
36047073400,047,3,Brooklyn,3073400,073400,734,45
36047073600,047,3,Brooklyn,3073600,073600,736,45
36047073800,047,3,Brooklyn,3073800,073800,738,45
36047074000,047,3,Brooklyn,3074000,074000,740,45
36047074200,047,3,Brooklyn,3074200,074200,742,45
36047074400,047,3,Brooklyn,3074400,074400,744,45
36047074600,047,3,Brooklyn,3074600,074600,746,45
36047077600,047,3,Brooklyn,3077600,077600,776,45
36047094401,047,3,Brooklyn,3094401,094401,944.01,45
36047094402,047,3,Brooklyn,3094402,094402,944.02,45
36047063600,047,3,Brooklyn,3063600,063600,636,46
36047064000,047,3,Brooklyn,3064000,064000,640,46
36047064400,047,3,Brooklyn,3064400,064400,644,45
36047064600,047,3,Brooklyn,3064600,064600,646,45
36047064800,047,3,Brooklyn,3064800,064800,648,45
36047065200,047,3,Brooklyn,3065200,065200,652,46
36047065400,047,3,Brooklyn,3065400,065400,654,46
36047065600,047,3,Brooklyn,3065600,065600,656,46
36047065800,047,3,Brooklyn,3065800,065800,658,46
36047066000,047,3,Brooklyn,3066000,066000,660,46
36047066200,047,3,Brooklyn,3066200,066200,662,46
36047067000,047,3,Brooklyn,3067000,067000,670,46
36047068600,047,3,Brooklyn,3068600,068600,686,46
36047069601,047,3,Brooklyn,3069601,069601,696.01,46
36047069602,047,3,Brooklyn,3069602,069602,696.02,46
36047069800,047,3,Brooklyn,3069800,069800,698,46
36047070000,047,3,Brooklyn,3070000,070000,700,46
36047070201,047,3,Brooklyn,3070201,070201,702.01,46
36047070601,047,3,Brooklyn,3070601,070601,706.01,46
36047095000,047,3,Brooklyn,3095000,095000,950,45
36047095400,047,3,Brooklyn,3095400,095400,954,46
36047095600,047,3,Brooklyn,3095600,095600,956,46
36047095800,047,3,Brooklyn,3095800,095800,958,46
36047096000,047,3,Brooklyn,3096000,096000,960,42
36047096200,047,3,Brooklyn,3096200,096200,962,42
36047096400,047,3,Brooklyn,3096400,096400,964,46
36047096600,047,3,Brooklyn,3096600,096600,966,46
36047096800,047,3,Brooklyn,3096800,096800,968,46
36047097000,047,3,Brooklyn,3097000,097000,970,42
36047097400,047,3,Brooklyn,3097400,097400,974,42
36047098200,047,3,Brooklyn,3098200,098200,982,42
36047098400,047,3,Brooklyn,3098400,098400,984,46
36047098600,047,3,Brooklyn,3098600,098600,986,46
36047098800,047,3,Brooklyn,3098800,098800,988,46
36047099000,047,3,Brooklyn,3099000,099000,990,46
36047099200,047,3,Brooklyn,3099200,099200,992,46
36047099400,047,3,Brooklyn,3099400,099400,994,46
36047099600,047,3,Brooklyn,3099600,099600,996,46
36047099800,047,3,Brooklyn,3099800,099800,998,46
36047100400,047,3,Brooklyn,3100400,100400,1004,46
36047100600,047,3,Brooklyn,3100600,100600,1006,46
36047100800,047,3,Brooklyn,3100800,100800,1008,46
36047101000,047,3,Brooklyn,3101000,101000,1010,46
36047101200,047,3,Brooklyn,3101200,101200,1012,46
36047101400,047,3,Brooklyn,3101400,101400,1014,46
36047101600,047,3,Brooklyn,3101600,101600,1016,46
36047101800,047,3,Brooklyn,3101800,101800,1018,46
36047102000,047,3,Brooklyn,3102000,102000,1020,46
36047102200,047,3,Brooklyn,3102200,102200,1022,46
36047102400,047,3,Brooklyn,3102400,102400,1024,46
36047102600,047,3,Brooklyn,3102600,102600,1026,46
36047102801,047,3,Brooklyn,3102801,102801,1028.01,46
36047103401,047,3,Brooklyn,3103401,103401,1034.01,46
36047066600,047,3,Brooklyn,3066600,066600,666,46
36047070602,047,3,Brooklyn,3070602,070602,706.02,46
36047102802,047,3,Brooklyn,3102802,102802,1028.02,46
36047103402,047,3,Brooklyn,3103402,103402,1034.02,46
36047017700,047,3,Brooklyn,3017700,017700,177,39
36047070202,047,3,Brooklyn,3070202,070202,702.02,46
36047070203,047,3,Brooklyn,3070203,070203,702.03,42
36047107002,047,3,Brooklyn,3107002,107002,1070.02,42
36061030900,061,1,Manhattan,1030900,030900,309,10
36061000700,061,1,Manhattan,1000700,000700,7,01
36061000900,061,1,Manhattan,1000900,000900,9,01
36061001300,061,1,Manhattan,1001300,001300,13,01
36061001501,061,1,Manhattan,1001501,001501,15.01,01
36061001502,061,1,Manhattan,1001502,001502,15.02,01
36061031703,061,1,Manhattan,1031703,031703,317.03,01
36061031704,061,1,Manhattan,1031704,031704,317.04,01
36061002100,061,1,Manhattan,1002100,002100,21,01
36061002901,061,1,Manhattan,1002901,002901,29.01,01
36061003100,061,1,Manhattan,1003100,003100,31,01
36061003300,061,1,Manhattan,1003300,003300,33,01
36061003900,061,1,Manhattan,1003900,003900,39,01
36061000100,061,1,Manhattan,1000100,000100,1,01
36061000500,061,1,Manhattan,1000500,000500,5,01
36061031900,061,1,Manhattan,1031900,031900,319,01
36061003700,061,1,Manhattan,1003700,003700,37,01
36061004100,061,1,Manhattan,1004100,004100,41,01
36061004300,061,1,Manhattan,1004300,004300,43,01
36061004500,061,1,Manhattan,1004500,004500,45,01
36061004700,061,1,Manhattan,1004700,004700,47,01
36061004900,061,1,Manhattan,1004900,004900,49,01
36061005501,061,1,Manhattan,1005501,005501,55.01,02
36061005502,061,1,Manhattan,1005502,005502,55.02,02
36061005700,061,1,Manhattan,1005700,005700,57,02
36061005900,061,1,Manhattan,1005900,005900,59,02
36061006100,061,1,Manhattan,1006100,006100,61,02
36061006300,061,1,Manhattan,1006300,006300,63,02
36061006500,061,1,Manhattan,1006500,006500,65,02
36061006700,061,1,Manhattan,1006700,006700,67,03
36061006900,061,1,Manhattan,1006900,006900,69,03
36061007100,061,1,Manhattan,1007100,007100,71,03
36061007300,061,1,Manhattan,1007300,007300,73,03
36061007500,061,1,Manhattan,1007500,007500,75,03
36061007700,061,1,Manhattan,1007700,007700,77,03
36061007900,061,1,Manhattan,1007900,007900,79,03
36061000201,061,1,Manhattan,1000201,000201,2.01,01
36061000600,061,1,Manhattan,1000600,000600,6,01
36061000800,061,1,Manhattan,1000800,000800,8,01
36061001600,061,1,Manhattan,1001600,001600,16,01
36061002500,061,1,Manhattan,1002500,002500,25,01
36061002700,061,1,Manhattan,1002700,002700,27,01
36061002902,061,1,Manhattan,1002902,002902,29.02,01
36061000202,061,1,Manhattan,1000202,000202,2.02,01
36061001001,061,1,Manhattan,1001001,001001,10.01,01
36061001002,061,1,Manhattan,1001002,001002,10.02,02
36061001200,061,1,Manhattan,1001200,001200,12,01
36061001401,061,1,Manhattan,1001401,001401,14.01,01
36061001402,061,1,Manhattan,1001402,001402,14.02,01
36061001800,061,1,Manhattan,1001800,001800,18,01
36061002201,061,1,Manhattan,1002201,002201,22.01,02
36061003001,061,1,Manhattan,1003001,003001,30.01,01
36061003601,061,1,Manhattan,1003601,003601,36.01,01
36061002000,061,1,Manhattan,1002000,002000,20,02
36061002202,061,1,Manhattan,1002202,002202,22.02,02
36061002400,061,1,Manhattan,1002400,002400,24,02
36061002601,061,1,Manhattan,1002601,002601,26.01,02
36061002602,061,1,Manhattan,1002602,002602,26.02,02
36061002800,061,1,Manhattan,1002800,002800,28,02
36061003002,061,1,Manhattan,1003002,003002,30.02,02
36061003200,061,1,Manhattan,1003200,003200,32,02
36061003400,061,1,Manhattan,1003400,003400,34,02
36061003602,061,1,Manhattan,1003602,003602,36.02,02
36061003800,061,1,Manhattan,1003800,003800,38,02
36061004001,061,1,Manhattan,1004001,004001,40.01,02
36061004002,061,1,Manhattan,1004002,004002,40.02,02
36061004200,061,1,Manhattan,1004200,004200,42,02
36061008100,061,1,Manhattan,1008100,008100,81,03
36061008300,061,1,Manhattan,1008300,008300,83,03
36061008700,061,1,Manhattan,1008700,008700,87,03
36061008900,061,1,Manhattan,1008900,008900,89,03
36061009100,061,1,Manhattan,1009100,009100,91,03
36061009300,061,1,Manhattan,1009300,009300,93,03
36061009700,061,1,Manhattan,1009700,009700,97,03
36061009901,061,1,Manhattan,1009901,009901,99.01,03
36061009902,061,1,Manhattan,1009902,009902,99.02,03
36061009903,061,1,Manhattan,1009903,009903,99.03,03
36061010300,061,1,Manhattan,1010300,010300,103,03
36061011100,061,1,Manhattan,1011100,011100,111,03
36061011700,061,1,Manhattan,1011700,011700,117,03
36061011500,061,1,Manhattan,1011500,011500,115,03
36061012101,061,1,Manhattan,1012101,012101,121.01,03
36061012102,061,1,Manhattan,1012102,012102,121.02,03
36061012700,061,1,Manhattan,1012700,012700,127,03
36061012901,061,1,Manhattan,1012901,012901,129.01,03
36061012902,061,1,Manhattan,1012902,012902,129.02,03
36061013300,061,1,Manhattan,1013300,013300,133,03
36061013501,061,1,Manhattan,1013501,013501,135.01,03
36061013502,061,1,Manhattan,1013502,013502,135.02,06
36061013900,061,1,Manhattan,1013900,013900,139,06
36061005200,061,1,Manhattan,1005200,005200,52,02
36061005400,061,1,Manhattan,1005400,005400,54,03
36061005600,061,1,Manhattan,1005600,005600,56,02
36061005800,061,1,Manhattan,1005800,005800,58,03
36061007400,061,1,Manhattan,1007400,007400,74,04
36061007600,061,1,Manhattan,1007600,007600,76,04
36061009500,061,1,Manhattan,1009500,009500,95,03
36061010100,061,1,Manhattan,1010100,010100,101,03
36061008200,061,1,Manhattan,1008200,008200,82,04
36061008400,061,1,Manhattan,1008400,008400,84,04
36061009400,061,1,Manhattan,1009400,009400,94,04
36061009600,061,1,Manhattan,1009600,009600,96,04
36061010200,061,1,Manhattan,1010200,010200,102,04
36061010400,061,1,Manhattan,1010400,010400,104,04
36061010900,061,1,Manhattan,1010900,010900,109,03
36061011201,061,1,Manhattan,1011201,011201,112.01,04
36061011202,061,1,Manhattan,1011202,011202,112.02,04
36061011300,061,1,Manhattan,1011300,011300,113,03
36061011900,061,1,Manhattan,1011900,011900,119,03
36061012500,061,1,Manhattan,1012500,012500,125,03
36061013100,061,1,Manhattan,1013100,013100,131,03
36061013700,061,1,Manhattan,1013700,013700,137,06
36061004400,061,1,Manhattan,1004400,004400,44,04
36061006000,061,1,Manhattan,1006000,006000,60,04
36061004800,061,1,Manhattan,1004800,004800,48,02
36061005000,061,1,Manhattan,1005000,005000,50,02
36061006400,061,1,Manhattan,1006400,006400,64,02
36061006800,061,1,Manhattan,1006800,006800,68,02
36061006200,061,1,Manhattan,1006200,006200,62,04
36061006600,061,1,Manhattan,1006600,006600,66,02
36061007001,061,1,Manhattan,1007001,007001,70.01,04
36061007002,061,1,Manhattan,1007002,007002,70.02,04
36061007200,061,1,Manhattan,1007200,007200,72,02
36061007800,061,1,Manhattan,1007800,007800,78,04
36061008000,061,1,Manhattan,1008000,008000,80,04
36061008601,061,1,Manhattan,1008601,008601,86.01,04
36061008800,061,1,Manhattan,1008800,008800,88,04
36061008603,061,1,Manhattan,1008603,008603,86.03,04
36061009000,061,1,Manhattan,1009000,009000,90,04
36061009200,061,1,Manhattan,1009200,009200,92,04
36061009800,061,1,Manhattan,1009800,009800,98,04
36061010000,061,1,Manhattan,1010000,010000,100,04
36061010601,061,1,Manhattan,1010601,010601,106.01,04
36061010801,061,1,Manhattan,1010801,010801,108.01,04
36061010802,061,1,Manhattan,1010802,010802,108.02,04
36061010803,061,1,Manhattan,1010803,010803,108.03,04
36061011203,061,1,Manhattan,1011203,011203,112.03,04
36061008602,061,1,Manhattan,1008602,008602,86.02,04
36061014500,061,1,Manhattan,1014500,014500,145,06
36061014700,061,1,Manhattan,1014700,014700,147,06
36061014900,061,1,Manhattan,1014900,014900,149,06
36061015101,061,1,Manhattan,1015101,015101,151.01,06
36061015102,061,1,Manhattan,1015102,015102,151.02,06
36061015301,061,1,Manhattan,1015301,015301,153.01,06
36061015302,061,1,Manhattan,1015302,015302,153.02,06
36061015501,061,1,Manhattan,1015501,015501,155.01,06
36061015502,061,1,Manhattan,1015502,015502,155.02,06
36061015700,061,1,Manhattan,1015700,015700,157,06
36061015900,061,1,Manhattan,1015900,015900,159,06
36061016100,061,1,Manhattan,1016100,016100,161,06
36061016300,061,1,Manhattan,1016300,016300,163,06
36061016500,061,1,Manhattan,1016500,016500,165,06
36061016700,061,1,Manhattan,1016700,016700,167,06
36061016900,061,1,Manhattan,1016900,016900,169,06
36061017100,061,1,Manhattan,1017100,017100,171,06
36061017300,061,1,Manhattan,1017300,017300,173,06
36061017500,061,1,Manhattan,1017500,017500,175,06
36061017700,061,1,Manhattan,1017700,017700,177,06
36061017900,061,1,Manhattan,1017900,017900,179,06
36061018100,061,1,Manhattan,1018100,018100,181,07
36061018300,061,1,Manhattan,1018300,018300,183,07
36061018500,061,1,Manhattan,1018500,018500,185,07
36061018700,061,1,Manhattan,1018700,018700,187,07
36061018900,061,1,Manhattan,1018900,018900,189,07
36061019100,061,1,Manhattan,1019100,019100,191,07
36061019300,061,1,Manhattan,1019300,019300,193,07
36061019500,061,1,Manhattan,1019500,019500,195,07
36061010602,061,1,Manhattan,1010602,010602,106.02,05
36061011000,061,1,Manhattan,1011000,011000,110,05
36061011600,061,1,Manhattan,1011600,011600,116,05
36061011800,061,1,Manhattan,1011800,011800,118,05
36061012400,061,1,Manhattan,1012400,012400,124,05
36061012601,061,1,Manhattan,1012601,012601,126.01,05
36061012602,061,1,Manhattan,1012602,012602,126.02,05
36061013201,061,1,Manhattan,1013201,013201,132.01,05
36061013202,061,1,Manhattan,1013202,013202,132.02,05
36061013203,061,1,Manhattan,1013203,013203,132.03,05
36061013400,061,1,Manhattan,1013400,013400,134,05
36061023802,061,1,Manhattan,1023802,023802,238.02,05
36061023803,061,1,Manhattan,1023803,023803,238.03,05
36061023804,061,1,Manhattan,1023804,023804,238.04,05
36061011401,061,1,Manhattan,1011401,011401,114.01,04
36061011402,061,1,Manhattan,1011402,011402,114.02,04
36061012000,061,1,Manhattan,1012000,012000,120,04
36061012200,061,1,Manhattan,1012200,012200,122,04
36061012800,061,1,Manhattan,1012800,012800,128,04
36061013000,061,1,Manhattan,1013000,013000,130,04
36061014000,061,1,Manhattan,1014000,014000,140,04
36061014200,061,1,Manhattan,1014200,014200,142,04
36061014801,061,1,Manhattan,1014801,014801,148.01,04
36061014802,061,1,Manhattan,1014802,014802,148.02,04
36061015001,061,1,Manhattan,1015001,015001,150.01,04
36061015002,061,1,Manhattan,1015002,015002,150.02,04
36061015801,061,1,Manhattan,1015801,015801,158.01,05
36061016001,061,1,Manhattan,1016001,016001,160.01,05
36061013601,061,1,Manhattan,1013601,013601,136.01,05
36061013602,061,1,Manhattan,1013602,013602,136.02,05
36061013603,061,1,Manhattan,1013603,013603,136.03,05
36061013604,061,1,Manhattan,1013604,013604,136.04,05
36061013800,061,1,Manhattan,1013800,013800,138,05
36061014401,061,1,Manhattan,1014401,014401,144.01,05
36061014402,061,1,Manhattan,1014402,014402,144.02,05
36061014601,061,1,Manhattan,1014601,014601,146.01,05
36061014602,061,1,Manhattan,1014602,014602,146.02,05
36061015200,061,1,Manhattan,1015200,015200,152,05
36061015401,061,1,Manhattan,1015401,015401,154.01,05
36061015402,061,1,Manhattan,1015402,015402,154.02,05
36061015403,061,1,Manhattan,1015403,015403,154.03,05
36061015601,061,1,Manhattan,1015601,015601,156.01,08
36061019701,061,1,Manhattan,1019701,019701,197.01,07
36061019900,061,1,Manhattan,1019900,019900,199,07
36061020101,061,1,Manhattan,1020101,020101,201.01,07
36061020300,061,1,Manhattan,1020300,020300,203,07
36061020500,061,1,Manhattan,1020500,020500,205,07
36061020701,061,1,Manhattan,1020701,020701,207.01,07
36061020901,061,1,Manhattan,1020901,020901,209.01,07
36061021100,061,1,Manhattan,1021100,021100,211,07
36061021303,061,1,Manhattan,1021303,021303,213.03,09
36061021703,061,1,Manhattan,1021703,021703,217.03,09
36061021900,061,1,Manhattan,1021900,021900,219,07
36061022301,061,1,Manhattan,1022301,022301,223.01,07
36061022302,061,1,Manhattan,1022302,022302,223.02,07
36061022500,061,1,Manhattan,1022500,022500,225,07
36061022700,061,1,Manhattan,1022700,022700,227,09
36061022900,061,1,Manhattan,1022900,022900,229,07
36061023100,061,1,Manhattan,1023100,023100,231,09
36061023300,061,1,Manhattan,1023300,023300,233,07
36061023501,061,1,Manhattan,1023501,023501,235.01,09
36061023700,061,1,Manhattan,1023700,023700,237,07
36061018600,061,1,Manhattan,1018600,018600,186,09
36061019000,061,1,Manhattan,1019000,019000,190,09
36061019702,061,1,Manhattan,1019702,019702,197.02,09
36061020000,061,1,Manhattan,1020000,020000,200,09
36061020102,061,1,Manhattan,1020102,020102,201.02,09
36061021600,061,1,Manhattan,1021600,021600,216,09
36061021800,061,1,Manhattan,1021800,021800,218,09
36061022000,061,1,Manhattan,1022000,022000,220,09
36061022200,061,1,Manhattan,1022200,022200,222,09
36061025700,061,1,Manhattan,1025700,025700,257,09
36061020800,061,1,Manhattan,1020800,020800,208,09
36061021200,061,1,Manhattan,1021200,021200,212,09
36061021400,061,1,Manhattan,1021400,021400,214,09
36061021500,061,1,Manhattan,1021500,021500,215,09
36061022102,061,1,Manhattan,1022102,022102,221.02,09
36061022400,061,1,Manhattan,1022400,022400,224,09
36061022600,061,1,Manhattan,1022600,022600,226,09
36061022800,061,1,Manhattan,1022800,022800,228,09
36061023000,061,1,Manhattan,1023000,023000,230,09
36061023200,061,1,Manhattan,1023200,023200,232,09
36061023400,061,1,Manhattan,1023400,023400,234,09
36061023502,061,1,Manhattan,1023502,023502,235.02,09
36061023600,061,1,Manhattan,1023600,023600,236,09
36061024302,061,1,Manhattan,1024302,024302,243.02,09
36061025900,061,1,Manhattan,1025900,025900,259,09
36061015602,061,1,Manhattan,1015602,015602,156.02,08
36061015802,061,1,Manhattan,1015802,015802,158.02,08
36061016002,061,1,Manhattan,1016002,016002,160.02,08
36061016200,061,1,Manhattan,1016200,016200,162,08
36061016400,061,1,Manhattan,1016400,016400,164,08
36061016600,061,1,Manhattan,1016600,016600,166,08
36061016800,061,1,Manhattan,1016800,016800,168,08
36061017000,061,1,Manhattan,1017000,017000,170,08
36061017200,061,1,Manhattan,1017200,017200,172,08
36061017401,061,1,Manhattan,1017401,017401,174.01,09
36061017402,061,1,Manhattan,1017402,017402,174.02,09
36061017800,061,1,Manhattan,1017800,017800,178,08
36061018000,061,1,Manhattan,1018000,018000,180,08
36061018200,061,1,Manhattan,1018200,018200,182,08
36061018400,061,1,Manhattan,1018400,018400,184,08
36061018800,061,1,Manhattan,1018800,018800,188,08
36061019200,061,1,Manhattan,1019200,019200,192,08
36061019400,061,1,Manhattan,1019400,019400,194,08
36061019600,061,1,Manhattan,1019600,019600,196,09
36061019800,061,1,Manhattan,1019800,019800,198,09
36061020600,061,1,Manhattan,1020600,020600,206,09
36061021000,061,1,Manhattan,1021000,021000,210,09
36061024200,061,1,Manhattan,1024200,024200,242,09
36061024000,061,1,Manhattan,1024000,024000,240,08
36061023900,061,1,Manhattan,1023900,023900,239,10
36061024100,061,1,Manhattan,1024100,024100,241,10
36061024301,061,1,Manhattan,1024301,024301,243.01,10
36061024500,061,1,Manhattan,1024500,024500,245,10
36061024700,061,1,Manhattan,1024700,024700,247,07
36061024900,061,1,Manhattan,1024900,024900,249,10
36061025100,061,1,Manhattan,1025100,025100,251,10
36061025300,061,1,Manhattan,1025300,025300,253,10
36061025500,061,1,Manhattan,1025500,025500,255,10
36061026100,061,1,Manhattan,1026100,026100,261,10
36061026300,061,1,Manhattan,1026300,026300,263,10
36061026500,061,1,Manhattan,1026500,026500,265,10
36061026700,061,1,Manhattan,1026700,026700,267,10
36061026900,061,1,Manhattan,1026900,026900,269,10
36061027100,061,1,Manhattan,1027100,027100,271,10
36061027300,061,1,Manhattan,1027300,027300,273,10
36061027500,061,1,Manhattan,1027500,027500,275,10
36061027700,061,1,Manhattan,1027700,027700,277,10
36061027900,061,1,Manhattan,1027900,027900,279,10
36061028100,061,1,Manhattan,1028100,028100,281,10
36061028300,061,1,Manhattan,1028300,028300,283,10
36061028500,061,1,Manhattan,1028500,028500,285,10
36061028700,061,1,Manhattan,1028700,028700,287,10
36061029100,061,1,Manhattan,1029100,029100,291,10
36061029300,061,1,Manhattan,1029300,029300,293,10
36061029500,061,1,Manhattan,1029500,029500,295,10
36061029900,061,1,Manhattan,1029900,029900,299,10
36061030300,061,1,Manhattan,1030300,030300,303,10
36061030700,061,1,Manhattan,1030700,030700,307,10
36061031100,061,1,Manhattan,1031100,031100,311,10
36061029700,061,1,Manhattan,1029700,029700,297,10
36061014300,061,1,Manhattan,1014300,014300,143,06
36081009500,081,4,Queens,4009500,009500,95,22
36081009700,081,4,Queens,4009700,009700,97,22
36081010100,081,4,Queens,4010100,010100,101,22
36081010300,081,4,Queens,4010300,010300,103,22
36081010500,081,4,Queens,4010500,010500,105,22
36081010701,081,4,Queens,4010701,010701,107.01,22
36081011100,081,4,Queens,4011100,011100,111,22
36081011300,081,4,Queens,4011300,011300,113,22
36081011500,081,4,Queens,4011500,011500,115,22
36081011700,081,4,Queens,4011700,011700,117,22
36081011900,081,4,Queens,4011900,011900,119,22
36081012100,081,4,Queens,4012100,012100,121,22
36081012301,081,4,Queens,4012301,012301,123.01,22
36081012500,081,4,Queens,4012500,012500,125,22
36081013500,081,4,Queens,4013500,013500,135,22
36081013700,081,4,Queens,4013700,013700,137,22
36081031700,081,4,Queens,4031700,031700,317,22
36081007700,081,4,Queens,4007700,007700,77,22
36081007900,081,4,Queens,4007900,007900,79,22
36081008100,081,4,Queens,4008100,008100,81,22
36081008300,081,4,Queens,4008300,008300,83,22
36081008700,081,4,Queens,4008700,008700,87,22
36081009100,081,4,Queens,4009100,009100,91,22
36081005300,081,4,Queens,4005300,005300,53,22
36081005700,081,4,Queens,4005700,005700,57,26
36081005900,081,4,Queens,4005900,005900,59,22
36081006100,081,4,Queens,4006100,006100,61,22
36081006300,081,4,Queens,4006300,006300,63,22
36081006501,081,4,Queens,4006501,006501,65.01,22
36081006502,081,4,Queens,4006502,006502,65.02,22
36081006900,081,4,Queens,4006900,006900,69,22
36081007100,081,4,Queens,4007100,007100,71,22
36081007300,081,4,Queens,4007300,007300,73,22
36081007500,081,4,Queens,4007500,007500,75,22
36081014100,081,4,Queens,4014100,014100,141,22
36081014300,081,4,Queens,4014300,014300,143,22
36081014500,081,4,Queens,4014500,014500,145,22
36081014700,081,4,Queens,4014700,014700,147,22
36081014900,081,4,Queens,4014900,014900,149,22
36081015100,081,4,Queens,4015100,015100,151,22
36081015300,081,4,Queens,4015300,015300,153,22
36081015500,081,4,Queens,4015500,015500,155,22
36081015700,081,4,Queens,4015700,015700,157,22
36081015900,081,4,Queens,4015900,015900,159,22
36081016100,081,4,Queens,4016100,016100,161,22
36081016300,081,4,Queens,4016300,016300,163,26
36081029500,081,4,Queens,4029500,029500,295,25
36081029700,081,4,Queens,4029700,029700,297,25
36081002500,081,4,Queens,4002500,002500,25,26
36081003100,081,4,Queens,4003100,003100,31,26
36081003301,081,4,Queens,4003301,003301,33.01,26
36081003302,081,4,Queens,4003302,003302,33.02,26
36081003700,081,4,Queens,4003700,003700,37,22
36081003900,081,4,Queens,4003900,003900,39,22
36081004300,081,4,Queens,4004300,004300,43,26
36081004500,081,4,Queens,4004500,004500,45,22
36081004700,081,4,Queens,4004700,004700,47,26
36081005100,081,4,Queens,4005100,005100,51,26
36081005500,081,4,Queens,4005500,005500,55,26
36081008500,081,4,Queens,4008500,008500,85,26
36081017102,081,4,Queens,4017102,017102,171.02,26
36081029900,081,4,Queens,4029900,029900,299,22
36081009900,081,4,Queens,4009900,009900,99,22
36081000101,081,4,Queens,4000101,000101,1.01,26
36081000102,081,4,Queens,4000102,000102,1.02,26
36081000103,081,4,Queens,4000103,000103,1.03,26
36081000104,081,4,Queens,4000104,000104,1.04,26
36081000701,081,4,Queens,4000701,000701,7.01,26
36081000702,081,4,Queens,4000702,000702,7.02,26
36081001901,081,4,Queens,4001901,001901,19.01,26
36081001902,081,4,Queens,4001902,001902,19.02,26
36081001903,081,4,Queens,4001903,001903,19.03,26
36081016900,081,4,Queens,4016900,016900,169,26
36081017901,081,4,Queens,4017901,017901,179.01,26
36081017902,081,4,Queens,4017902,017902,179.02,26
36081018101,081,4,Queens,4018101,018101,181.01,26
36081018102,081,4,Queens,4018102,018102,181.02,26
36081018300,081,4,Queens,4018300,018300,183,26
36081018501,081,4,Queens,4018501,018501,185.01,26
36081018502,081,4,Queens,4018502,018502,185.02,26
36081018700,081,4,Queens,4018700,018700,187,26
36081018900,081,4,Queens,4018900,018900,189,26
36081019901,081,4,Queens,4019901,019901,199.01,26
36081019902,081,4,Queens,4019902,019902,199.02,26
36081019903,081,4,Queens,4019903,019903,199.03,26
36081020500,081,4,Queens,4020500,020500,205,26
36081023501,081,4,Queens,4023501,023501,235.01,26
36081023502,081,4,Queens,4023502,023502,235.02,26
36081025301,081,4,Queens,4025301,025301,253.01,26
36081025302,081,4,Queens,4025302,025302,253.02,26
36081024300,081,4,Queens,4024300,024300,243,26
36081024500,081,4,Queens,4024500,024500,245,26
36081024700,081,4,Queens,4024700,024700,247,26
36081024900,081,4,Queens,4024900,024900,249,26
36081025100,081,4,Queens,4025100,025100,251,26
36081025500,081,4,Queens,4025500,025500,255,26
36081025700,081,4,Queens,4025700,025700,257,26
36081025900,081,4,Queens,4025900,025900,259,26
36081026100,081,4,Queens,4026100,026100,261,26
36081026300,081,4,Queens,4026300,026300,263,26
36081026502,081,4,Queens,4026502,026502,265.02,26
36081029300,081,4,Queens,4029300,029300,293,25
36081048302,081,4,Queens,4048302,048302,483.02,26
36081048900,081,4,Queens,4048900,048900,489,26
36081017101,081,4,Queens,4017101,017101,171.01,26
36081022900,081,4,Queens,4022900,022900,229,26
36081027301,081,4,Queens,4027301,027301,273.01,21
36081027302,081,4,Queens,4027302,027302,273.02,21
36081027500,081,4,Queens,4027500,027500,275,25
36081027701,081,4,Queens,4027701,027701,277.01,21
36081027702,081,4,Queens,4027702,027702,277.02,25
36081027900,081,4,Queens,4027900,027900,279,25
36081028100,081,4,Queens,4028100,028100,281,25
36081028300,081,4,Queens,4028300,028300,283,25
36081028500,081,4,Queens,4028500,028500,285,25
36081028700,081,4,Queens,4028700,028700,287,25
36081028900,081,4,Queens,4028900,028900,289,25
36081029100,081,4,Queens,4029100,029100,291,25
36081030903,081,4,Queens,4030903,030903,309.03,25
36081030904,081,4,Queens,4030904,030904,309.04,22
36081030905,081,4,Queens,4030905,030905,309.05,25
36081030906,081,4,Queens,4030906,030906,309.06,25
36081032700,081,4,Queens,4032700,032700,327,25
36081033700,081,4,Queens,4033700,033700,337,25
36081033900,081,4,Queens,4033900,033900,339,25
36081035100,081,4,Queens,4035100,035100,351,25
36081032900,081,4,Queens,4032900,032900,329,22
36081034700,081,4,Queens,4034700,034700,347,21
36081035300,081,4,Queens,4035300,035300,353,21
36081035700,081,4,Queens,4035700,035700,357,21
36081036100,081,4,Queens,4036100,036100,361,21
36081036300,081,4,Queens,4036300,036300,363,21
36081036500,081,4,Queens,4036500,036500,365,21
36081036700,081,4,Queens,4036700,036700,367,21
36081037100,081,4,Queens,4037100,037100,371,21
36081037300,081,4,Queens,4037300,037300,373,21
36081037502,081,4,Queens,4037502,037502,375.02,21
36081037700,081,4,Queens,4037700,037700,377,21
36081037900,081,4,Queens,4037900,037900,379,21
36081038100,081,4,Queens,4038100,038100,381,21
36081039902,081,4,Queens,4039902,039902,399.02,21
36081040102,081,4,Queens,4040102,040102,401.02,21
36081040302,081,4,Queens,4040302,040302,403.02,21
36081040502,081,4,Queens,4040502,040502,405.02,21
36081040702,081,4,Queens,4040702,040702,407.02,21
36081040902,081,4,Queens,4040902,040902,409.02,21
36081026501,081,4,Queens,4026501,026501,265.01,25
36081026700,081,4,Queens,4026700,026700,267,25
36081026901,081,4,Queens,4026901,026901,269.01,25
36081026902,081,4,Queens,4026902,026902,269.02,25
36081027101,081,4,Queens,4027101,027101,271.01,25
36081027102,081,4,Queens,4027102,027102,271.02,25
36081045700,081,4,Queens,4045700,045700,457,25
36081045900,081,4,Queens,4045900,045900,459,25
36081046100,081,4,Queens,4046100,046100,461,25
36081046300,081,4,Queens,4046300,046300,463,25
36081046500,081,4,Queens,4046500,046500,465,21
36081046700,081,4,Queens,4046700,046700,467,21
36081046901,081,4,Queens,4046901,046901,469.01,25
36081046902,081,4,Queens,4046902,046902,469.02,21
36081047100,081,4,Queens,4047100,047100,471,25
36081047300,081,4,Queens,4047300,047300,473,25
36081047500,081,4,Queens,4047500,047500,475,30
36081047900,081,4,Queens,4047900,047900,479,30
36081048100,081,4,Queens,4048100,048100,481,25
36081048301,081,4,Queens,4048301,048301,483.01,25
36081048500,081,4,Queens,4048500,048500,485,25
36081049900,081,4,Queens,4049900,049900,499,30
36081068300,081,4,Queens,4068300,068300,683,25
36081037501,081,4,Queens,4037501,037501,375.01,21
36081039901,081,4,Queens,4039901,039901,399.01,21
36081040101,081,4,Queens,4040101,040101,401.01,21
36081040301,081,4,Queens,4040301,040301,403.01,21
36081040501,081,4,Queens,4040501,040501,405.01,21
36081040701,081,4,Queens,4040701,040701,407.01,21
36081040901,081,4,Queens,4040901,040901,409.01,21
36081041100,081,4,Queens,4041100,041100,411,21
36081041300,081,4,Queens,4041300,041300,413,21
36081041500,081,4,Queens,4041500,041500,415,21
36081042700,081,4,Queens,4042700,042700,427,21
36081043701,081,4,Queens,4043701,043701,437.01,21
36081043702,081,4,Queens,4043702,043702,437.02,21
36081043900,081,4,Queens,4043900,043900,439,21
36081044301,081,4,Queens,4044301,044301,443.01,21
36081044302,081,4,Queens,4044302,044302,443.02,21
36081045500,081,4,Queens,4045500,045500,455,21
36081021900,081,4,Queens,4021900,021900,219,26
36081049301,081,4,Queens,4049301,049301,493.01,30
36081049302,081,4,Queens,4049302,049302,493.02,30
36081049500,081,4,Queens,4049500,049500,495,30
36081049700,081,4,Queens,4049700,049700,497,30
36081051100,081,4,Queens,4051100,051100,511,30
36081051300,081,4,Queens,4051300,051300,513,30
36081051500,081,4,Queens,4051500,051500,515,30
36081051700,081,4,Queens,4051700,051700,517,30
36081052100,081,4,Queens,4052100,052100,521,30
36081052500,081,4,Queens,4052500,052500,525,30
36081053100,081,4,Queens,4053100,053100,531,30
36081053501,081,4,Queens,4053501,053501,535.01,30
36081053502,081,4,Queens,4053502,053502,535.02,30
36081059502,081,4,Queens,4059502,059502,595.02,30
36081059900,081,4,Queens,4059900,059900,599,30
36081060100,081,4,Queens,4060100,060100,601,30
36081060300,081,4,Queens,4060300,060300,603,30
36081066701,081,4,Queens,4066701,066701,667.01,30
36081066900,081,4,Queens,4066900,066900,669,30
36081053901,081,4,Queens,4053901,053901,539.01,34
36081053902,081,4,Queens,4053902,053902,539.02,34
36081054500,081,4,Queens,4054500,054500,545,34
36081054700,081,4,Queens,4054700,054700,547,34
36081054900,081,4,Queens,4054900,054900,549,34
36081055100,081,4,Queens,4055100,055100,551,30
36081055300,081,4,Queens,4055300,055300,553,34
36081055500,081,4,Queens,4055500,055500,555,34
36081055700,081,4,Queens,4055700,055700,557,34
36081055900,081,4,Queens,4055900,055900,559,34
36081058100,081,4,Queens,4058100,058100,581,30
36081058300,081,4,Queens,4058300,058300,583,30
36081058500,081,4,Queens,4058500,058500,585,30
36081058700,081,4,Queens,4058700,058700,587,30
36081058900,081,4,Queens,4058900,058900,589,30
36081059100,081,4,Queens,4059100,059100,591,30
36081059300,081,4,Queens,4059300,059300,593,30
36081059501,081,4,Queens,4059501,059501,595.01,30
36081061301,081,4,Queens,4061301,061301,613.01,30
36081056500,081,4,Queens,4056500,056500,565,30
36081056700,081,4,Queens,4056700,056700,567,30
36081057700,081,4,Queens,4057700,057700,577,30
36081057900,081,4,Queens,4057900,057900,579,30
36081062300,081,4,Queens,4062300,062300,623,32
36081062500,081,4,Queens,4062500,062500,625,32
36081062700,081,4,Queens,4062700,062700,627,30
36081062900,081,4,Queens,4062900,062900,629,32
36081063301,081,4,Queens,4063301,063301,633.01,32
36081063302,081,4,Queens,4063302,063302,633.02,32
36081063500,081,4,Queens,4063500,063500,635,32
36081063700,081,4,Queens,4063700,063700,637,32
36081063900,081,4,Queens,4063900,063900,639,32
36081050500,081,4,Queens,4050500,050500,505,30
36081050700,081,4,Queens,4050700,050700,507,30
36081061900,081,4,Queens,4061900,061900,619,30
36081062100,081,4,Queens,4062100,062100,621,30
36081065702,081,4,Queens,4065702,065702,657.02,30
36081065703,081,4,Queens,4065703,065703,657.03,30
36081065900,081,4,Queens,4065900,065900,659,30
36081066100,081,4,Queens,4066100,066100,661,30
36081066301,081,4,Queens,4066301,066301,663.01,30
36081066302,081,4,Queens,4066302,066302,663.02,30
36081066501,081,4,Queens,4066501,066501,665.01,30
36081067100,081,4,Queens,4067100,067100,671,30
36081067700,081,4,Queens,4067700,067700,677,30
36081067900,081,4,Queens,4067900,067900,679,30
36081060701,081,4,Queens,4060701,060701,607.01,30
36081061302,081,4,Queens,4061302,061302,613.02,30
36081065501,081,4,Queens,4065501,065501,655.01,30
36081056100,081,4,Queens,4056100,056100,561,32
36081068700,081,4,Queens,4068700,068700,687,30
36081069300,081,4,Queens,4069300,069300,693,30
36081069500,081,4,Queens,4069500,069500,695,30
36081069701,081,4,Queens,4069701,069701,697.01,30
36081069702,081,4,Queens,4069702,069702,697.02,30
36081070300,081,4,Queens,4070300,070300,703,30
36081071701,081,4,Queens,4071701,071701,717.01,24
36081071702,081,4,Queens,4071702,071702,717.02,24
36081064500,081,4,Queens,4064500,064500,645,29
36081070700,081,4,Queens,4070700,070700,707,29
36081070900,081,4,Queens,4070900,070900,709,29
36081071100,081,4,Queens,4071100,071100,711,29
36081071303,081,4,Queens,4071303,071303,713.03,29
36081071304,081,4,Queens,4071304,071304,713.04,29
36081071305,081,4,Queens,4071305,071305,713.05,29
36081071306,081,4,Queens,4071306,071306,713.06,29
36081071900,081,4,Queens,4071900,071900,719,24
36081072100,081,4,Queens,4072100,072100,721,29
36081072300,081,4,Queens,4072300,072300,723,29
36081072900,081,4,Queens,4072900,072900,729,29
36081073100,081,4,Queens,4073100,073100,731,29
36081073700,081,4,Queens,4073700,073700,737,29
36081073900,081,4,Queens,4073900,073900,739,29
36081074100,081,4,Queens,4074100,074100,741,29
36081074300,081,4,Queens,4074300,074300,743,29
36081074500,081,4,Queens,4074500,074500,745,24
36081074700,081,4,Queens,4074700,074700,747,24
36081074900,081,4,Queens,4074900,074900,749,29
36081075701,081,4,Queens,4075701,075701,757.01,29
36081075702,081,4,Queens,4075702,075702,757.02,29
36081076901,081,4,Queens,4076901,076901,769.01,29
36081076902,081,4,Queens,4076902,076902,769.02,29
36081090700,081,4,Queens,4090700,090700,907,19
36081091900,081,4,Queens,4091900,091900,919,19
36081092500,081,4,Queens,4092500,092500,925,19
36081092900,081,4,Queens,4092900,092900,929,19
36081093900,081,4,Queens,4093900,093900,939,19
36081094500,081,4,Queens,4094500,094500,945,19
36081094700,081,4,Queens,4094700,094700,947,19
36081097300,081,4,Queens,4097300,097300,973,19
36081098100,081,4,Queens,4098100,098100,981,19
36081098700,081,4,Queens,4098700,098700,987,19
36081099100,081,4,Queens,4099100,099100,991,19
36081102900,081,4,Queens,4102900,102900,1029,19
36081103300,081,4,Queens,4103300,103300,1033,19
36081103900,081,4,Queens,4103900,103900,1039,19
36081099701,081,4,Queens,4099701,099701,997.01,19
36081099703,081,4,Queens,4099703,099703,997.03,19
36081099704,081,4,Queens,4099704,099704,997.04,19
36081099705,081,4,Queens,4099705,099705,997.05,19
36081101700,081,4,Queens,4101700,101700,1017,19
36081086300,081,4,Queens,4086300,086300,863,20
36081088903,081,4,Queens,4088903,088903,889.03,20
36081104700,081,4,Queens,4104700,104700,1047,19
36081105900,081,4,Queens,4105900,105900,1059,19
36081114100,081,4,Queens,4114100,114100,1141,19
36081114700,081,4,Queens,4114700,114700,1147,19
36081115100,081,4,Queens,4115100,115100,1151,19
36081115500,081,4,Queens,4115500,115500,1155,20
36081115700,081,4,Queens,4115700,115700,1157,20
36081115900,081,4,Queens,4115900,115900,1159,20
36081116301,081,4,Queens,4116301,116301,1163.01,20
36081116302,081,4,Queens,4116302,116302,1163.02,20
36081116700,081,4,Queens,4116700,116700,1167,20
36081117100,081,4,Queens,4117100,117100,1171,20
36081117500,081,4,Queens,4117500,117500,1175,19
36081084500,081,4,Queens,4084500,084500,845,20
36081086100,081,4,Queens,4086100,086100,861,20
36081118500,081,4,Queens,4118500,118500,1185,20
36081118700,081,4,Queens,4118700,118700,1187,20
36081118900,081,4,Queens,4118900,118900,1189,20
36081119100,081,4,Queens,4119100,119100,1191,20
36081119300,081,4,Queens,4119300,119300,1193,20
36081119500,081,4,Queens,4119500,119500,1195,19
36081119900,081,4,Queens,4119900,119900,1199,20
36081120100,081,4,Queens,4120100,120100,1201,20
36081120300,081,4,Queens,4120300,120300,1203,20
36081120500,081,4,Queens,4120500,120500,1205,20
36081120701,081,4,Queens,4120701,120701,1207.01,20
36081120702,081,4,Queens,4120702,120702,1207.02,20
36081079900,081,4,Queens,4079900,079900,799,20
36081080301,081,4,Queens,4080301,080301,803.01,20
36081080302,081,4,Queens,4080302,080302,803.02,20
36081083700,081,4,Queens,4083700,083700,837,20
36081121500,081,4,Queens,4121500,121500,1215,20
36081038301,081,4,Queens,4038301,038301,383.01,21
36081079701,081,4,Queens,4079701,079701,797.01,20
36081079702,081,4,Queens,4079702,079702,797.02,20
36081084901,081,4,Queens,4084901,084901,849.01,20
36081084902,081,4,Queens,4084902,084902,849.02,20
36081085300,081,4,Queens,4085300,085300,853,20
36081085500,081,4,Queens,4085500,085500,855,20
36081085700,081,4,Queens,4085700,085700,857,20
36081085900,081,4,Queens,4085900,085900,859,20
36081086500,081,4,Queens,4086500,086500,865,20
36081086900,081,4,Queens,4086900,086900,869,20
36081087100,081,4,Queens,4087100,087100,871,20
36081088902,081,4,Queens,4088902,088902,889.02,20
36081116100,081,4,Queens,4116100,116100,1161,20
36081099900,081,4,Queens,4099900,099900,999,19
36081121100,081,4,Queens,4121100,121100,1211,20
36081077902,081,4,Queens,4077902,077902,779.02,24
36081077903,081,4,Queens,4077903,077903,779.03,24
36081077904,081,4,Queens,4077904,077904,779.04,24
36081077905,081,4,Queens,4077905,077905,779.05,24
36081077906,081,4,Queens,4077906,077906,779.06,24
36081077907,081,4,Queens,4077907,077907,779.07,24
36081077908,081,4,Queens,4077908,077908,779.08,24
36081080900,081,4,Queens,4080900,080900,809,24
36081122702,081,4,Queens,4122702,122702,1227.02,24
36081122703,081,4,Queens,4122703,122703,1227.03,24
36081122704,081,4,Queens,4122704,122704,1227.04,24
36081124100,081,4,Queens,4124100,124100,1241,24
36081124700,081,4,Queens,4124700,124700,1247,24
36081125700,081,4,Queens,4125700,125700,1257,24
36081126500,081,4,Queens,4126500,126500,1265,24
36081126700,081,4,Queens,4126700,126700,1267,24
36081122300,081,4,Queens,4122300,122300,1223,24
36081133300,081,4,Queens,4133300,133300,1333,23
36081133900,081,4,Queens,4133900,133900,1339,24
36081134100,081,4,Queens,4134100,134100,1341,24
36081134701,081,4,Queens,4134701,134701,1347.01,23
36081134702,081,4,Queens,4134702,134702,1347.02,23
36081045800,081,4,Queens,4045800,045800,458,24
36081046400,081,4,Queens,4046400,046400,464,24
36081046600,081,4,Queens,4046600,046600,466,24
36081047200,081,4,Queens,4047200,047200,472,24
36081047600,081,4,Queens,4047600,047600,476,23
36081047801,081,4,Queens,4047801,047801,478.01,23
36081049201,081,4,Queens,4049201,049201,492.01,23
36081127700,081,4,Queens,4127700,127700,1277,24
36081021400,081,4,Queens,4021400,021400,214,24
36081022001,081,4,Queens,4022001,022001,220.01,24
36081022002,081,4,Queens,4022002,022002,220.02,24
36081023000,081,4,Queens,4023000,023000,230,24
36081023200,081,4,Queens,4023200,023200,232,24
36081044800,081,4,Queens,4044800,044800,448,24
36081045000,081,4,Queens,4045000,045000,450,24
36081045200,081,4,Queens,4045200,045200,452,24
36081045400,081,4,Queens,4045400,045400,454,24
36081045600,081,4,Queens,4045600,045600,456,24
36081079300,081,4,Queens,4079300,079300,793,24
36081128300,081,4,Queens,4128300,128300,1283,23
36081013400,081,4,Queens,4013400,013400,134,29
36081013600,081,4,Queens,4013600,013600,136,29
36081013800,081,4,Queens,4013800,013800,138,29
36081014000,081,4,Queens,4014000,014000,140,29
36081021601,081,4,Queens,4021601,021601,216.01,29
36081021602,081,4,Queens,4021602,021602,216.02,29
36081021603,081,4,Queens,4021603,021603,216.03,29
36081077300,081,4,Queens,4077300,077300,773,29
36081077500,081,4,Queens,4077500,077500,775,29
36081002400,081,4,Queens,4002400,002400,24,29
36081002600,081,4,Queens,4002600,002600,26,29
36081002800,081,4,Queens,4002800,002800,28,29
36081012200,081,4,Queens,4012200,012200,122,29
36081012400,081,4,Queens,4012400,012400,124,29
36081012601,081,4,Queens,4012601,012601,126.01,29
36081012602,081,4,Queens,4012602,012602,126.02,29
36081012800,081,4,Queens,4012800,012800,128,29
36081013000,081,4,Queens,4013000,013000,130,29
36081013200,081,4,Queens,4013200,013200,132,29
36081014201,081,4,Queens,4014201,014201,142.01,29
36081014202,081,4,Queens,4014202,014202,142.02,29
36081014400,081,4,Queens,4014400,014400,144,29
36081010800,081,4,Queens,4010800,010800,108,29
36081011000,081,4,Queens,4011000,011000,110,29
36081011800,081,4,Queens,4011800,011800,118,29
36081012000,081,4,Queens,4012000,012000,120,29
36081014800,081,4,Queens,4014800,014800,148,29
36081015000,081,4,Queens,4015000,015000,150,29
36081015200,081,4,Queens,4015200,015200,152,29
36081015400,081,4,Queens,4015400,015400,154,29
36081015600,081,4,Queens,4015600,015600,156,29
36081003200,081,4,Queens,4003200,003200,32,32
36081003400,081,4,Queens,4003400,003400,34,32
36081003600,081,4,Queens,4003600,003600,36,32
36081003800,081,4,Queens,4003800,003800,38,32
36081004001,081,4,Queens,4004001,004001,40.01,32
36081004200,081,4,Queens,4004200,004200,42,32
36081005200,081,4,Queens,4005200,005200,52,32
36081011200,081,4,Queens,4011200,011200,112,29
36081011400,081,4,Queens,4011400,011400,114,29
36081011600,081,4,Queens,4011600,011600,116,29
36081000200,081,4,Queens,4000200,000200,2,32
36081000400,081,4,Queens,4000400,000400,4,32
36081000600,081,4,Queens,4000600,000600,6,32
36081000800,081,4,Queens,4000800,000800,8,32
36081001000,081,4,Queens,4001000,001000,10,32
36081001200,081,4,Queens,4001200,001200,12,32
36081001400,081,4,Queens,4001400,001400,14,32
36081001600,081,4,Queens,4001600,001600,16,32
36081001800,081,4,Queens,4001800,001800,18,32
36081002000,081,4,Queens,4002000,002000,20,32
36081002200,081,4,Queens,4002200,002200,22,32
36081003000,081,4,Queens,4003000,003000,30,32
36081064101,081,4,Queens,4064101,064101,641.01,32
36081009400,081,4,Queens,4009400,009400,94,28
36081009600,081,4,Queens,4009600,009600,96,28
36081009800,081,4,Queens,4009800,009800,98,29
36081010000,081,4,Queens,4010000,010000,100,28
36081010200,081,4,Queens,4010200,010200,102,28
36081010400,081,4,Queens,4010400,010400,104,28
36081010600,081,4,Queens,4010600,010600,106,28
36081015801,081,4,Queens,4015801,015801,158.01,28
36081015802,081,4,Queens,4015802,015802,158.02,28
36081016400,081,4,Queens,4016400,016400,164,28
36081016600,081,4,Queens,4016600,016600,166,28
36081016800,081,4,Queens,4016800,016800,168,28
36081017000,081,4,Queens,4017000,017000,170,28
36081017200,081,4,Queens,4017200,017200,172,28
36081017400,081,4,Queens,4017400,017400,174,28
36081017600,081,4,Queens,4017600,017600,176,28
36081017800,081,4,Queens,4017800,017800,178,28
36081018000,081,4,Queens,4018000,018000,180,28
36081081400,081,4,Queens,4081400,081400,814,28
36081081800,081,4,Queens,4081800,081800,818,28
36081083800,081,4,Queens,4083800,083800,838,28
36081084000,081,4,Queens,4084000,084000,840,28
36081084601,081,4,Queens,4084601,084601,846.01,28
36081084602,081,4,Queens,4084602,084602,846.02,28
36081086400,081,4,Queens,4086400,086400,864,28
36081004002,081,4,Queens,4004002,004002,40.02,32
36081004401,081,4,Queens,4004401,004401,44.01,32
36081005000,081,4,Queens,4005000,005000,50,32
36081005400,081,4,Queens,4005400,005400,54,32
36081005800,081,4,Queens,4005800,005800,58,32
36081008600,081,4,Queens,4008600,008600,86,32
36081008800,081,4,Queens,4008800,008800,88,32
36081006201,081,4,Queens,4006201,006201,62.01,32
36081006202,081,4,Queens,4006202,006202,62.02,32
36081088400,081,4,Queens,4088400,088400,884,32
36081089201,081,4,Queens,4089201,089201,892.01,32
36081089202,081,4,Queens,4089202,089202,892.02,32
36081108500,081,4,Queens,4108500,108500,1085,19
36081109900,081,4,Queens,4109900,109900,1099,19
36081113300,081,4,Queens,4113300,113300,1133,19
36081113900,081,4,Queens,4113900,113900,1139,19
36081118100,081,4,Queens,4118100,118100,1181,19
36081140901,081,4,Queens,4140901,140901,1409.01,20
36081140902,081,4,Queens,4140902,140902,1409.02,20
36081141700,081,4,Queens,4141700,141700,1417,20
36081142900,081,4,Queens,4142900,142900,1429,20
36081145101,081,4,Queens,4145101,145101,1451.01,19
36081145102,081,4,Queens,4145102,145102,1451.02,19
36081145900,081,4,Queens,4145900,145900,1459,19
36081146300,081,4,Queens,4146300,146300,1463,19
36081109300,081,4,Queens,4109300,109300,1093,19
36081109700,081,4,Queens,4109700,109700,1097,19
36081111300,081,4,Queens,4111300,111300,1113,19
36081112300,081,4,Queens,4112300,112300,1123,19
36081112900,081,4,Queens,4112900,112900,1129,19
36081138501,081,4,Queens,4138501,138501,1385.01,23
36081139900,081,4,Queens,4139900,139900,1399,23
36081140300,081,4,Queens,4140300,140300,1403,23
36081143500,081,4,Queens,4143500,143500,1435,23
36081144100,081,4,Queens,4144100,144100,1441,19
36081144700,081,4,Queens,4144700,144700,1447,19
36081146700,081,4,Queens,4146700,146700,1467,19
36081147100,081,4,Queens,4147100,147100,1471,19
36081147900,081,4,Queens,4147900,147900,1479,19
36081148300,081,4,Queens,4148300,148300,1483,19
36081150701,081,4,Queens,4150701,150701,1507.01,19
36081150702,081,4,Queens,4150702,150702,1507.02,19
36081152901,081,4,Queens,4152901,152901,1529.01,23
36081152902,081,4,Queens,4152902,152902,1529.02,23
36081129102,081,4,Queens,4129102,129102,1291.02,23
36081129103,081,4,Queens,4129103,129103,1291.03,23
36081129104,081,4,Queens,4129104,129104,1291.04,23
36081136700,081,4,Queens,4136700,136700,1367,23
36081137700,081,4,Queens,4137700,137700,1377,23
36081138502,081,4,Queens,4138502,138502,1385.02,23
36081020400,081,4,Queens,4020400,020400,204,28
36081020600,081,4,Queens,4020600,020600,206,27
36081020800,081,4,Queens,4020800,020800,208,27
36081021200,081,4,Queens,4021200,021200,212,24
36081023600,081,4,Queens,4023600,023600,236,27
36081023800,081,4,Queens,4023800,023800,238,27
36081024000,081,4,Queens,4024000,024000,240,27
36081024600,081,4,Queens,4024600,024600,246,27
36081044400,081,4,Queens,4044400,044400,444,27
36081044601,081,4,Queens,4044601,044601,446.01,27
36081044602,081,4,Queens,4044602,044602,446.02,24
36081046000,081,4,Queens,4046000,046000,460,27
36081046200,081,4,Queens,4046200,046200,462,27
36081046800,081,4,Queens,4046800,046800,468,23
36081047000,081,4,Queens,4047000,047000,470,23
36081019400,081,4,Queens,4019400,019400,194,28
36081019600,081,4,Queens,4019600,019600,196,28
36081019800,081,4,Queens,4019800,019800,198,28
36081020200,081,4,Queens,4020200,020200,202,28
36081025401,081,4,Queens,4025401,025401,254.01,28
36081025402,081,4,Queens,4025402,025402,254.02,28
36081025800,081,4,Queens,4025800,025800,258,27
36081026000,081,4,Queens,4026000,026000,260,28
36081026200,081,4,Queens,4026200,026200,262,28
36081026400,081,4,Queens,4026400,026400,264,28
36081026600,081,4,Queens,4026600,026600,266,28
36081027000,081,4,Queens,4027000,027000,270,28
36081041400,081,4,Queens,4041400,041400,414,27
36081044000,081,4,Queens,4044000,044000,440,27
36081018200,081,4,Queens,4018200,018200,182,28
36081018401,081,4,Queens,4018401,018401,184.01,28
36081018402,081,4,Queens,4018402,018402,184.02,28
36081018600,081,4,Queens,4018600,018600,186,28
36081018800,081,4,Queens,4018800,018800,188,28
36081019000,081,4,Queens,4019000,019000,190,28
36081019200,081,4,Queens,4019200,019200,192,28
36081027200,081,4,Queens,4027200,027200,272,28
36081027400,081,4,Queens,4027400,027400,274,28
36081027600,081,4,Queens,4027600,027600,276,28
36081027800,081,4,Queens,4027800,027800,278,28
36081028000,081,4,Queens,4028000,028000,280,28
36081028200,081,4,Queens,4028200,028200,282,28
36081028400,081,4,Queens,4028400,028400,284,28
36081028801,081,4,Queens,4028801,028801,288.01,28
36081028802,081,4,Queens,4028802,028802,288.02,28
36081028803,081,4,Queens,4028803,028803,288.03,28
36081078800,081,4,Queens,4078800,078800,788,28
36081079000,081,4,Queens,4079000,079000,790,28
36081079200,081,4,Queens,4079200,079200,792,28
36081029400,081,4,Queens,4029400,029400,294,28
36081033000,081,4,Queens,4033000,033000,330,31
36081033401,081,4,Queens,4033401,033401,334.01,27
36081033403,081,4,Queens,4033403,033403,334.03,28
36081033404,081,4,Queens,4033404,033404,334.04,28
36081033405,081,4,Queens,4033405,033405,334.05,28
36081035200,081,4,Queens,4035200,035200,352,27
36081036600,081,4,Queens,4036600,036600,366,27
36081036800,081,4,Queens,4036800,036800,368,27
36081037600,081,4,Queens,4037600,037600,376,27
36081038400,081,4,Queens,4038400,038400,384,27
36081039400,081,4,Queens,4039400,039400,394,27
36081039800,081,4,Queens,4039800,039800,398,27
36081040000,081,4,Queens,4040000,040000,400,27
36081040200,081,4,Queens,4040200,040200,402,27
36081040400,081,4,Queens,4040400,040400,404,27
36081042400,081,4,Queens,4042400,042400,424,27
36081042600,081,4,Queens,4042600,042600,426,27
36081043200,081,4,Queens,4043200,043200,432,27
36081043400,081,4,Queens,4043400,043400,434,27
36081050400,081,4,Queens,4050400,050400,504,27
36081051800,081,4,Queens,4051800,051800,518,27
36081052000,081,4,Queens,4052000,052000,520,27
36081052200,081,4,Queens,4052200,052200,522,27
36081052400,081,4,Queens,4052400,052400,524,27
36081052600,081,4,Queens,4052600,052600,526,27
36081052800,081,4,Queens,4052800,052800,528,27
36081053000,081,4,Queens,4053000,053000,530,27
36081053200,081,4,Queens,4053200,053200,532,27
36081047802,081,4,Queens,4047802,047802,478.02,23
36081048000,081,4,Queens,4048000,048000,480,23
36081048200,081,4,Queens,4048200,048200,482,23
36081048400,081,4,Queens,4048400,048400,484,23
36081050000,081,4,Queens,4050000,050000,500,27
36081050201,081,4,Queens,4050201,050201,502.01,27
36081050202,081,4,Queens,4050202,050202,502.02,27
36081050600,081,4,Queens,4050600,050600,506,27
36081050800,081,4,Queens,4050800,050800,508,27
36081051000,081,4,Queens,4051000,051000,510,27
36081155101,081,4,Queens,4155101,155101,1551.01,23
36081155103,081,4,Queens,4155103,155103,1551.03,23
36081155104,081,4,Queens,4155104,155104,1551.04,23
36081157901,081,4,Queens,4157901,157901,1579.01,23
36081157902,081,4,Queens,4157902,157902,1579.02,23
36081157903,081,4,Queens,4157903,157903,1579.03,23
36081130100,081,4,Queens,4130100,130100,1301,23
36081156700,081,4,Queens,4156700,156700,1567,23
36081157101,081,4,Queens,4157101,157101,1571.01,23
36081157102,081,4,Queens,4157102,157102,1571.02,23
36081161700,081,4,Queens,4161700,161700,1617,23
36081162100,081,4,Queens,4162100,162100,1621,23
36081049202,081,4,Queens,4049202,049202,492.02,23
36081049600,081,4,Queens,4049600,049600,496,23
36081051200,081,4,Queens,4051200,051200,512,27
36081051600,081,4,Queens,4051600,051600,516,27
36081053601,081,4,Queens,4053601,053601,536.01,27
36081053800,081,4,Queens,4053800,053800,538,27
36081054000,081,4,Queens,4054000,054000,540,27
36081054200,081,4,Queens,4054200,054200,542,23
36081054800,081,4,Queens,4054800,054800,548,23
36081055200,081,4,Queens,4055200,055200,552,23
36081055400,081,4,Queens,4055400,055400,554,23
36081055600,081,4,Queens,4055600,055600,556,23
36081055800,081,4,Queens,4055800,055800,558,23
36081056000,081,4,Queens,4056000,056000,560,23
36081056200,081,4,Queens,4056200,056200,562,23
36081056400,081,4,Queens,4056400,056400,564,23
36081056600,081,4,Queens,4056600,056600,566,23
36081056800,081,4,Queens,4056800,056800,568,27
36081058000,081,4,Queens,4058000,058000,580,27
36081058200,081,4,Queens,4058200,058200,582,27
36081053401,081,4,Queens,4053401,053401,534.01,27
36081059000,081,4,Queens,4059000,059000,590,27
36081059200,081,4,Queens,4059200,059200,592,27
36081059400,081,4,Queens,4059400,059400,594,27
36081059600,081,4,Queens,4059600,059600,596,27
36081059800,081,4,Queens,4059800,059800,598,27
36081060000,081,4,Queens,4060000,060000,600,27
36081060600,081,4,Queens,4060600,060600,606,27
36081060800,081,4,Queens,4060800,060800,608,27
36081061000,081,4,Queens,4061000,061000,610,27
36081061200,081,4,Queens,4061200,061200,612,27
36081061400,081,4,Queens,4061400,061400,614,27
36081062200,081,4,Queens,4062200,062200,622,27
36081032800,081,4,Queens,4032800,032800,328,31
36081035800,081,4,Queens,4035800,035800,358,31
36081061601,081,4,Queens,4061601,061601,616.01,31
36081061800,081,4,Queens,4061800,061800,618,31
36081062000,081,4,Queens,4062000,062000,620,31
36081062600,081,4,Queens,4062600,062600,626,31
36081063000,081,4,Queens,4063000,063000,630,31
36081063200,081,4,Queens,4063200,063200,632,31
36081064600,081,4,Queens,4064600,064600,646,31
36081065000,081,4,Queens,4065000,065000,650,31
36081068200,081,4,Queens,4068200,068200,682,31
36081030600,081,4,Queens,4030600,030600,306,31
36081032000,081,4,Queens,4032000,032000,320,31
36081065402,081,4,Queens,4065402,065402,654.02,31
36081066404,081,4,Queens,4066404,066404,664.04,31
36081068000,081,4,Queens,4068000,068000,680,31
36081069000,081,4,Queens,4069000,069000,690,31
36081069400,081,4,Queens,4069400,069400,694,31
36081061602,081,4,Queens,4061602,061602,616.02,31
36081063800,081,4,Queens,4063800,063800,638,31
36081065401,081,4,Queens,4065401,065401,654.01,31
36081065600,081,4,Queens,4065600,065600,656,31
36081066000,081,4,Queens,4066000,066000,660,31
36081066401,081,4,Queens,4066401,066401,664.01,31
36081066402,081,4,Queens,4066402,066402,664.02,31
36081066403,081,4,Queens,4066403,066403,664.03,31
36081062400,081,4,Queens,4062400,062400,624,31
36081099200,081,4,Queens,4099200,099200,992,31
36081099801,081,4,Queens,4099801,099801,998.01,31
36081099802,081,4,Queens,4099802,099802,998.02,31
36081100801,081,4,Queens,4100801,100801,1008.01,31
36081100803,081,4,Queens,4100803,100803,1008.03,31
36081100804,081,4,Queens,4100804,100804,1008.04,31
36081101002,081,4,Queens,4101002,101002,1010.02,31
36081101003,081,4,Queens,4101003,101003,1010.03,31
36081101004,081,4,Queens,4101004,101004,1010.04,31
36081103201,081,4,Queens,4103201,103201,1032.01,31
36081103202,081,4,Queens,4103202,103202,1032.02,31
36081094201,081,4,Queens,4094201,094201,942.01,32
36081094202,081,4,Queens,4094202,094202,942.02,31
36081094203,081,4,Queens,4094203,094203,942.03,32
36081095400,081,4,Queens,4095400,095400,954,31
36081096400,081,4,Queens,4096400,096400,964,31
36081097202,081,4,Queens,4097202,097202,972.02,31
36081097204,081,4,Queens,4097204,097204,972.04,31
36081097205,081,4,Queens,4097205,097205,972.05,31
36081097206,081,4,Queens,4097206,097206,972.06,31
36081091603,081,4,Queens,4091603,091603,916.03,32
36081092200,081,4,Queens,4092200,092200,922,32
36081092800,081,4,Queens,4092800,092800,928,32
36081093401,081,4,Queens,4093401,093401,934.01,32
36081093402,081,4,Queens,4093402,093402,934.02,32
36081093800,081,4,Queens,4093800,093800,938,32
36081107201,081,4,Queens,4107201,107201,1072.01,32
36081097207,081,4,Queens,4097207,097207,972.07,31
36081033100,081,4,Queens,4033100,033100,331,21
36081038302,081,4,Queens,4038302,038302,383.02,21
36081064102,081,4,Queens,4064102,064102,641.02,32
36081071600,081,4,Queens,4071600,071600,716,31
36081107202,081,4,Queens,4107202,107202,1072.02,31
36081091602,081,4,Queens,4091602,091602,916.02,32
36081091604,081,4,Queens,4091604,091604,916.04,32
36081091800,081,4,Queens,4091800,091800,918,32
36081990100,081,4,Queens,4990100,990100,9901,31
36085000300,085,5,Staten Island,5000300,000300,3,49
36085000700,085,5,Staten Island,5000700,000700,7,49
36085000900,085,5,Staten Island,5000900,000900,9,49
36085001100,085,5,Staten Island,5001100,001100,11,49
36085007700,085,5,Staten Island,5007700,007700,77,49
36085008100,085,5,Staten Island,5008100,008100,81,49
36085001700,085,5,Staten Island,5001700,001700,17,49
36085002100,085,5,Staten Island,5002100,002100,21,49
36085002700,085,5,Staten Island,5002700,002700,27,49
36085002900,085,5,Staten Island,5002900,002900,29,49
36085004001,085,5,Staten Island,5004001,004001,40.01,49
36085000600,085,5,Staten Island,5000600,000600,6,49
36085000800,085,5,Staten Island,5000800,000800,8,49
36085002001,085,5,Staten Island,5002001,002001,20.01,49
36085003600,085,5,Staten Island,5003600,003600,36,49
36085004002,085,5,Staten Island,5004002,004002,40.02,49
36085004003,085,5,Staten Island,5004003,004003,40.03,49
36085004004,085,5,Staten Island,5004004,004004,40.04,49
36085003300,085,5,Staten Island,5003300,003300,33,49
36085003900,085,5,Staten Island,5003900,003900,39,49
36085004700,085,5,Staten Island,5004700,004700,47,49
36085005901,085,5,Staten Island,5005901,005901,59.01,49
36085005902,085,5,Staten Island,5005902,005902,59.02,49
36085006700,085,5,Staten Island,5006700,006700,67,49
36085007500,085,5,Staten Island,5007500,007500,75,49
36085009701,085,5,Staten Island,5009701,009701,97.01,49
36085010500,085,5,Staten Island,5010500,010500,105,49
36085012100,085,5,Staten Island,5012100,012100,121,49
36085012500,085,5,Staten Island,5012500,012500,125,49
36085013301,085,5,Staten Island,5013301,013301,133.01,49
36085014700,085,5,Staten Island,5014700,014700,147,50
36085015100,085,5,Staten Island,5015100,015100,151,50
36085016901,085,5,Staten Island,5016901,016901,169.01,49
36085018701,085,5,Staten Island,5018701,018701,187.01,50
36085018901,085,5,Staten Island,5018901,018901,189.01,50
36085019700,085,5,Staten Island,5019700,019700,197,50
36085020100,085,5,Staten Island,5020100,020100,201,50
36085025100,085,5,Staten Island,5025100,025100,251,50
36085013302,085,5,Staten Island,5013302,013302,133.02,49
36085014100,085,5,Staten Island,5014100,014100,141,49
36085020701,085,5,Staten Island,5020701,020701,207.01,49
36085020702,085,5,Staten Island,5020702,020702,207.02,49
36085021300,085,5,Staten Island,5021300,021300,213,49
36085024700,085,5,Staten Island,5024700,024700,247,49
36085022300,085,5,Staten Island,5022300,022300,223,49
36085023100,085,5,Staten Island,5023100,023100,231,49
36085023900,085,5,Staten Island,5023900,023900,239,49
36085030301,085,5,Staten Island,5030301,030301,303.01,49
36085030302,085,5,Staten Island,5030302,030302,303.02,49
36085031901,085,5,Staten Island,5031901,031901,319.01,49
36085031902,085,5,Staten Island,5031902,031902,319.02,49
36085032300,085,5,Staten Island,5032300,032300,323,49
36085009702,085,5,Staten Island,5009702,009702,97.02,49
36085002002,085,5,Staten Island,5002002,002002,20.02,50
36085005000,085,5,Staten Island,5005000,005000,50,50
36085006400,085,5,Staten Island,5006400,006400,64,50
36085007001,085,5,Staten Island,5007001,007001,70.01,50
36085007002,085,5,Staten Island,5007002,007002,70.02,50
36085007400,085,5,Staten Island,5007400,007400,74,50
36085009601,085,5,Staten Island,5009601,009601,96.01,50
36085009602,085,5,Staten Island,5009602,009602,96.02,50
36085011401,085,5,Staten Island,5011401,011401,114.01,50
36085011201,085,5,Staten Island,5011201,011201,112.01,50
36085011203,085,5,Staten Island,5011203,011203,112.03,50
36085011402,085,5,Staten Island,5011402,011402,114.02,50
36085012200,085,5,Staten Island,5012200,012200,122,50
36085012804,085,5,Staten Island,5012804,012804,128.04,50
36085013400,085,5,Staten Island,5013400,013400,134,50
36085017300,085,5,Staten Island,5017300,017300,173,49
36085017701,085,5,Staten Island,5017701,017701,177.01,50
36085017702,085,5,Staten Island,5017702,017702,177.02,50
36085018100,085,5,Staten Island,5018100,018100,181,50
36085018703,085,5,Staten Island,5018703,018703,187.03,50
36085018704,085,5,Staten Island,5018704,018704,187.04,50
36085018902,085,5,Staten Island,5018902,018902,189.02,50
36085027302,085,5,Staten Island,5027302,027302,273.02,50
36085027900,085,5,Staten Island,5027900,027900,279,50
36085027301,085,5,Staten Island,5027301,027301,273.01,51
36085027702,085,5,Staten Island,5027702,027702,277.02,51
36085027704,085,5,Staten Island,5027704,027704,277.04,51
36085027705,085,5,Staten Island,5027705,027705,277.05,51
36085027706,085,5,Staten Island,5027706,027706,277.06,51
36085029102,085,5,Staten Island,5029102,029102,291.02,50
36085029104,085,5,Staten Island,5029104,029104,291.04,50
36085029105,085,5,Staten Island,5029105,029105,291.05,50
36085029106,085,5,Staten Island,5029106,029106,291.06,51
36085022802,085,5,Staten Island,5022802,022802,228.02,50
36085012805,085,5,Staten Island,5012805,012805,128.05,50
36085012806,085,5,Staten Island,5012806,012806,128.06,50
36085013201,085,5,Staten Island,5013201,013201,132.01,50
36085013204,085,5,Staten Island,5013204,013204,132.04,51
36085013800,085,5,Staten Island,5013800,013800,138,50
36085013203,085,5,Staten Island,5013203,013203,132.03,51
36085014604,085,5,Staten Island,5014604,014604,146.04,51
36085014605,085,5,Staten Island,5014605,014605,146.05,51
36085014606,085,5,Staten Island,5014606,014606,146.06,51
36085014607,085,5,Staten Island,5014607,014607,146.07,51
36085014608,085,5,Staten Island,5014608,014608,146.08,51
36085015601,085,5,Staten Island,5015601,015601,156.01,51
36085015602,085,5,Staten Island,5015602,015602,156.02,51
36085015603,085,5,Staten Island,5015603,015603,156.03,51
36085017011,085,5,Staten Island,5017011,017011,170.11,51
36085017012,085,5,Staten Island,5017012,017012,170.12,51
36085017007,085,5,Staten Island,5017007,017007,170.07,51
36085017013,085,5,Staten Island,5017013,017013,170.13,51
36085017014,085,5,Staten Island,5017014,017014,170.14,51
36085017015,085,5,Staten Island,5017015,017015,170.15,51
36085017016,085,5,Staten Island,5017016,017016,170.16,51
36085020805,085,5,Staten Island,5020805,020805,208.05,51
36085020806,085,5,Staten Island,5020806,020806,208.06,51
36085017005,085,5,Staten Island,5017005,017005,170.05,51
36085017009,085,5,Staten Island,5017009,017009,170.09,51
36085017600,085,5,Staten Island,5017600,017600,176,51
36085019800,085,5,Staten Island,5019800,019800,198,51
36085020803,085,5,Staten Island,5020803,020803,208.03,51
36085020804,085,5,Staten Island,5020804,020804,208.04,51
36085022601,085,5,Staten Island,5022601,022601,226.01,51
36085022602,085,5,Staten Island,5022602,022602,226.02,51
36085024401,085,5,Staten Island,5024401,024401,244.01,51
36085024402,085,5,Staten Island,5024402,024402,244.02,51
36085024800,085,5,Staten Island,5024800,024800,248,51
36085022801,085,5,Staten Island,5022801,022801,228.01,51
36085001800,085,5,Staten Island,5001800,001800,18,50
36085990100,085,5,Staten Island,5990100,990100,9901,50
36085011204,085,5,Staten Island,5011204,011204,112.04,50
36085015400,085,5,Staten Island,5015400,015400,154,51